no,nomor_putusan,pengadilan,tingkat_persidangan,tingkat_proses,tanggal_putusan,tahun_putusan,tahun_kejadian,hasil_putusan,rincian_amar,barang_bbm,relevan_bbm,nilai_kerugian_uang,mata_uang,dasar_nilai_uang,nilai_kerugian_volume,satuan_volume,keterangan_volume,sumber_data,lampiran_pdf,file_pdf,rantai_perkara,klasifikasi,sumber_daftar,url_putusan,bukti_kutipan,catatan
1,249/Pid.Sus/2020/PN Spt,PN SAMPIT,PN,Pertama,7 September 2020,2020,NA,Bersalah,"Terbukti kegiatan usaha hilir minyak bumi tanpa izin usaha penyimpanan (dakwaan tunggal); penjara 1 tahun, denda Rp5.000.000 subsider 2 bulan kurungan; hasil lelang solar dirampas negara.",Solar (status subsidi tidak disebut),Ya,19930365,IDR,nilai BBM (disebut dalam putusan): hasil lelang barang bukti solar 33 drum (5.353 liter) Rp19.930.365 dirampas untuk negara,5353,liter,"33 drum BBM solar = 5.353 liter (barang bukti, telah dilelang); 1 unit kelotok dikembalikan kepada terdakwa",Overview direktori,Tidak ada,NA,C001,Pidana Khusus Migas,klasifikasi Migas,https://putusan3.mahkamahagung.go.id/direktori/putusan/1102e1cfc840bf73da0c2c1af05872e7.html,"BBM jenis solar sebanyak 33 (tiga puluh tiga) drum atau sama dengan 5.353 (lima ribu tiga ratus lima puluh tiga) liter | telah dilakukan pelelangan dengan hasil penjualan sebesar Rp19.930.365,00 ... Dirampas untuk Negara | terbukti secara sah dan meyakinkan bersalah melakukan tindak pidana Melakukan Kegiatan Usaha Hilir Minyak Bumi Tanpa Izin Usaha Penyimpanan | pidana penjara selama 1 (satu) tahun dan pidana denda sejumlah Rp. 5.000.000,00",PDF tidak tersedia; tahun kejadian tidak disebut di overview (register PN 16 Juli 2020). Modus penyimpanan 33 drum solar tanpa izin usaha penyimpanan (Pasal 53 huruf c UU 22/2001); kelotok dikembalikan kepada terdakwa.
2,128/Pid.Sus/2020/PN Pti,PN PATI,PN,Pertama,3 Agustus 2020,2020,2020,Bersalah,"[Bersalah (3 terdakwa)] Ketiga terdakwa terbukti turut serta menyalahgunakan pengangkutan dan niaga BBM bersubsidi (dakwaan tunggal); penjara masing-masing 7 bulan, denda masing-masing Rp1.000.000 subsider 1 bulan kurungan.",Solar/Biosolar (subsidi),Ya,NA,NA,NA,28987,liter,Total solar barang bukti dalam amar: 7.622 liter dalam 8 tandon + sekitar 7.000 liter dalam mobil tangki H 1550 JR + sekitar 8.000 + 3.000 liter dalam mobil tangki P 9242 UQ + 3.365 liter di tangki KM Manis Sejahtera = sekitar 28.987 liter. Sebagian angka berstatus 'sekitar'. Angka yang pasti hanya 7.622 liter (tandon). Seluruh barang bukti dipergunakan dalam perkara lain.,Overview direktori,Tidak ada,NA,C003,Pidana Khusus Migas,klasifikasi Migas,https://putusan3.mahkamahagung.go.id/direktori/putusan/1c6b70eb484314c1938226316a8169d1.html,Solar sebanyak 7622 (tujuh ribu enam ratus dua puluh dua) liter dalam 8 (delapan) tandon putih | 21 (dua puluh satu) buah struk pembelian BBM Bio Solar di SPBU tanggal 21 Maret 2020 | Solar sebanyak 3.365 ... liter yang yang berada di tangki bahan bakar KM Manis Sejahtera | terbukti secara sah dan meyakinkan bersalah melakukan tindak pidana Turut serta melakukan perbuatan menyalahgunakan pengangkutan dan niaga bahan bakar minyak yang disubsidi pemerintah,"Tidak ada PDF. Tahun kejadian disimpulkan dari tanggal struk dan dokumen barang bukti (19-21 Maret 2020). Modus: Bio Solar dibeli di SPBU dan diangkut truk bertandon, terkait mobil tangki PT Bayu Patra Energy dan kapal di Juwana. Uang Rp11.100.000 ikut disita."
3,144/Pid.Sus/2020/PN Pti,PN PATI,PN,Pertama,10 Agustus 2020,2020,2020,Bersalah,"[Bersalah (3 terdakwa)] Tiga terdakwa bersalah turut serta menyalahgunakan pengangkutan dan niaga BBM bersubsidi; penjara masing-masing 8 bulan, denda Rp5.000.000 subsider 3 bulan kurungan; solar, truk dan uang dirampas negara.",Solar/Biosolar (subsidi),Ya,NA,NA,NA,17029,liter,"Solar dirampas untuk negara: 7.622 liter (8 tandon) + 3.365 liter (tangki KM Manis Sejahtera) + 6.042 liter (6 tandon) = 17.029 liter. Isi mobil tangki ±7.000, ±8.000 dan ±3.000 liter dikecualikan dari pengembalian truk tetapi statusnya tidak dirinci di amar, sehingga tidak dijumlahkan. Tandon kosong tidak dihitung.",Overview direktori,Tidak ada,NA,C004,Pidana Khusus Migas,klasifikasi Migas,https://putusan3.mahkamahagung.go.id/direktori/putusan/232e1e71cf27b3b9ea362de9e38f6f5c.html,Solar sebanyak 7622 (tujuh ribu enam ratus dua puluh dua) liter dalam 8 (delapan) tandon putih | Solar sebanyak 3.365 ... liter yang yang berada di tangki bahan bakar KM Manis Sejahtera | Solar sebanyak 6042 liter dalam 6 buah tandon warna putih | 21 (dua puluh satu) buah struk pembelian BBM Bio Solar di SPBU tanggal 21 Maret 2020,"Tanpa PDF; tahun kejadian disimpulkan dari barang bukti (struk Bio Solar 21 Maret 2020, CCTV SPBU 20 Maret 2020). Solar subsidi dari SPBU disalurkan ke kapal via dokumen PT Bayu Patra Energy. Uang tunai Rp11.100.000 dan saldo tiga rekening (±Rp75,5 juta) dirampas."
4,266/Pid.Sus/2019/PN Pli,PN PELAIHARI,PN,Pertama,5 Februari 2020,2020,2019,Bersalah,"Terbukti bersalah menyimpan minyak bumi tanpa izin usaha penyimpanan (Pasal 53 huruf c UU 22/2001); penjara 6 bulan, denda Rp1.000.000 subsider 1 bulan kurungan; ±92 liter solar dirampas untuk negara.",Solar/Biosolar (subsidi),Ya,570000,IDR,nilai BBM (disebut dalam putusan): harga beli 40 liter solar jeriken Rp300.000 + harga beli 52 liter di SPBU Rp270.000 = Rp570.000,92,liter,52 liter solar subsidi dalam tangki mobil modifikasi + 2 jeriken @20 liter (40 liter); barang bukti ±92 liter solar subsidi dirampas untuk negara.,PDF putusan,Ada,pdf/266_Pid.Sus_2019_PN Pli.pdf,C005,Pidana Khusus Migas,klasifikasi Migas,https://putusan3.mahkamahagung.go.id/direktori/putusan/25927ec4d1cd2cec6526a83990ca2022.html,"pada hari sabtu tanggal 20 Juli 2019 sekitar jam 15.30 Wita ... Desa Pulau Sari | terdakwa membeli BBM bersubsidi sebanyak 92 ... liter, didalam tangki mobil ada 52 ... liter dan didalam 2 (dua) buah jerigen | solar ... dalam jerigen sebanyak 40 liter ... seharga Rp. 300.000; ... di SPBU ... Rp.5.150,- per liter ... seluruhnya Rp.270.000 | Menyatakan terdakwa ... telah terbukti secara sah dan meyakinkan bersalah melakukan tindak pidana penyimpanan minyak bumi tanpa izin usaha penyimpanan","Modus pelangsiran: mobil Isuzu Panther dengan tangki infus modifikasi membeli solar subsidi di SPBU (Rp5.150/liter), dijual Rp8.000/liter, keuntungan Rp2.850/liter; ±5 kali melangsir selama 1 bulan. Pasal 53 huruf c jo. 23 ayat (2) huruf c UU 22/2001."
5,518 K/Pid.Sus.LH/2020,MAHKAMAH AGUNG,MA,Kasasi,22 April 2020,2020,NA,Bersalah,"Tolak kasasi PU; putusan PT Palu tetap: bersalah niaga minyak bumi tanpa izin usaha niaga; penjara 5 bulan masa percobaan 10 bulan, denda Rp5.000.000 subsider 2 bulan.",Premium,Ya,NA,NA,NA,66,liter,± 66 liter BBM jenis Premium (bensin) sebagai barang bukti; 2 drum 200 liter tidak dihitung (kapasitas wadah),PDF putusan,Ada,pdf/518 K_Pid.Sus.LH_2020.pdf,C006,Pidana Khusus Migas,klasifikasi Migas,https://putusan3.mahkamahagung.go.id/direktori/putusan/40a223dae2b8cc1c29b5a6f921830a31.html,± 66 (enam puluh enam) liter BBM jenis Premium (Bensin) | 1 (satu) unit Dispenser POM MINI warna merah putih hijau | Menolak permohonan kasasi dari Pemohon Kasasi/Penuntut Umum pada Kejaksaan Negeri Tolitoli | pidana penjara selama 5 (lima) bulan ... masa percobaan 10 (sepuluh) bulan,"Modus POM mini/Pertamini (dispenser, nozzle Pertalite dan Premium) tanpa izin usaha niaga; Pasal 53 huruf d UU 22/2001. Tanggal kejadian tidak disebut dalam putusan MA (perkara PN Tolitoli 22/Pid.B/LH/2019, putus 27 Juni 2019)."
6,127/Pid.Sus/2020/PN Pti.,PN PATI,PN,Pertama,10 Agustus 2020,2020,2020,Bersalah,"Terbukti turut serta menyalahgunakan pengangkutan dan niaga BBM bersubsidi (dakwaan tunggal); penjara 7 bulan, denda Rp1.000.000 subsider 1 bulan kurungan; terdakwa tetap ditahan.",Solar/Biosolar (subsidi),Ya,NA,NA,NA,13042,liter,"Barang bukti: solar 6.042 liter dalam 6 tandon + isi truk tangki kapasitas 8.000 liter 'sekitar 7.000 liter' (jenis isi tidak disebut eksplisit, diasumsikan solar) = 13.042 liter; 18 tandon kosong tidak dihitung. Solar terukur eksplisit saja: 6.042 liter.",Overview direktori,Tidak ada,NA,C007,Pidana Khusus Migas,klasifikasi Migas,https://putusan3.mahkamahagung.go.id/direktori/putusan/459973f4608234c0763e1f90182876a7.html,"Solar sebanyak 6042 liter dalam 6 (enam) buah tandon warna putih | truk tangki kapasitas 8.000 liter ... (dalam keadaan isi sekitar 7.000 liter) | menyalahgunakan pengangkutan dan niaga bahan bakar minyak yang disubsidi pemerintah | Surat Perintah Jalan, Delivery Note dan Surat Perintah Pengisian pada hari Jumat tanggal 20-03-2020","PDF tidak tersedia; tahun kejadian disimpulkan dari tanggal dokumen barang bukti (19–21 Maret 2020; laporan penjualan solar Jan–Mar 2020). Modus: beli Bio Solar di SPBU, tampung di tandon, salurkan via PT Bayu Patra Energy ke kapal di Pelabuhan Juwana (kualifikasi Pasal 55 UU 22/2001)."
7,869 K/Pid.Sus/2020,MAHKAMAH AGUNG,MA,Kasasi,28 April 2020,2020,2018,Bersalah,"Tolak kasasi PU; berlaku putusan PN Semarapura yang dikuatkan PT Denpasar: kedua terdakwa bersalah (mengangkut/membantu mengangkut premium tanpa izin), penjara 1 tahun dengan masa percobaan 2 tahun, denda Rp10.000.000 subsider 1 bulan.",Premium,Ya,NA,NA,NA,NA,NA,"45 jerigen premium (12 jerigen disimpan di gudang dermaga, 33 jerigen diserahkan ke kapal); volume dalam liter tidak disebut dalam putusan",PDF putusan,Ada,pdf/869 K_Pid.Sus_2020.pdf,C008,Pidana Khusus Migas,klasifikasi Migas,https://putusan3.mahkamahagung.go.id/direktori/putusan/544ca39a66db6fccbed4a6d8158078b7.html,"1 (satu) lembar Nota Bon SPBU Nomor 54.807.07 Gunaksa tanggal 15 November 2018 | mengangkut BBM (Bahan Bakar Minyak) jenis premium sebanyak 45 (empat puluh lima) jerigen tanpa izin usaha pengangkutan | Menolak permohonan kasasi dari Pemohon Kasasi/Penuntut Umum pada Kejaksaan Negeri Klungkung tersebut | pidana penjara masing-masing selama 1 (satu) tahun dan denda sejumlah Rp10.000.000,00","Premium diangkut dengan jerigen memakai pick up dari SPBU Gunaksa ke dermaga, lalu dengan kapal ke Nusa Penida; Pasal 53 huruf b UU 22/2001 (Terdakwa II jo. Pasal 56 KUHP). Uang Rp10.000.000 untuk membeli BBM, ongkos angkut Rp150.000, uang Rp3.123.100 dirampas."
8,30 K/Pid.Sus-LH/2020,MAHKAMAH AGUNG,MA,Kasasi,13 Februari 2020,2020,2018,Bersalah,"[Bersalah (3 terdakwa)] Tolak kasasi PU; putusan PT Jayapura (mengubah PN soal barang bukti) tetap: tiap terdakwa penjara 6 bulan, denda Rp3 miliar subsider 1 bulan kurungan; KM Khairos II dirampas.",Solar (status subsidi tidak disebut),Ya,NA,NA,NA,33705,liter,31.705 liter solar di tangki double bottom SPOB Kertanegara + 2 ton/2.000 liter solar (31705 + 2000 = 33705 liter); dirampas untuk negara,PDF putusan,Ada,pdf/30 K_Pid.Sus-LH_2020.pdf,C009,Pidana Khusus Migas,klasifikasi Migas,https://putusan3.mahkamahagung.go.id/direktori/putusan/61103880ea9be7452730af0e3b4d6fd4.html,"Bahan bakar minyak jenis solar, sejumlah 31.705 (tiga puluh satu ribu tujuh ratus lima) liter di tangki double bottom Kapal SPOB Kertanegara | dan 2 (dua) ton/2.000 liter bahan bakar minyak (BBM) jenis solar, dirampas untuk Negara | Para Terdakwa tersebut ditahan dalam tahanan Rumah Tahanan Negara (Rutan) sejak tanggal 31 Agustus 2018 | Menolak permohonan kasasi dari Pemohon Kasasi/PENUNTUT UMUM PADA KEJAKSAAN NEGERI JAYAPURA tersebut",Niaga solar tanpa izin usaha niaga (Pasal 53 huruf d jo. Pasal 23 ayat (2) huruf d UU 22/2001 jo. Pasal 55 KUHP); solar dipompa dari SPOB Kertanegara ke KM Khairos II. Tahun kejadian disimpulkan dari tanggal penahanan (uraian dakwaan tidak dimuat).
9,125/Pid.B/LH/2020/PN Tte,PN TERNATE,PN,Pertama,9 Juli 2020,2020,2019,Bersalah,"Bersalah penyalahgunaan pengangkutan dan niaga BBM bersubsidi serta pengangkutan dan niaga tanpa izin (dakwaan kesatu dan kedua); penjara 4 bulan, denda Rp5.000.000 subsider 2 bulan kurungan.",Premium; Pertalite,Ya,4875000,IDR,nilai BBM (disebut dalam putusan): uang hasil lelang BBM barang bukti Rp4.875.000 dirampas untuk negara,1000,liter,"500 liter Premium + 500 liter Pertalite, masing-masing dalam 20 jeriken 25 liter, diangkut dengan mobil pick up dari SPBU (fakta hukum); BBM telah dilelang",PDF putusan,Ada,pdf/125_Pid.B_LH_2020_PN Tte.pdf,C012,Pidana Khusus Migas,klasifikasi Migas,https://putusan3.mahkamahagung.go.id/direktori/putusan/6f3908f88552d2f991fc443103cded5a.html,pada hari Kamis tanggal 18 Juli 2019 pukul 18.00 Wit | premium (bensin) sebanyak 500 (lima ratus liter) dan BBM jenis pertalite sebanyak 500 (lima ratus liter) | Uang tunai hasil lelang sebesar Rp. 4.875.000 ... Dirampas untuk negara | terbukti secara sah dan meyakinkan bersalah ... pidana penjara selama 4 (empat) bulan,"Pengangkutan 40 jeriken dari SPBU untuk dijual eceran di kios; Pasal 55 dan 53 huruf b dan d UU 22/2001. Harga beli Premium Rp7.000, Pertalite Rp8.200 per liter; jual Rp9.000/Rp10.000. Alternatif: 500x7000+500x8200=7600000. Nomor di PDF: 125/Pid.Sus/2020/PN Tte."
10,87/Pid.Sus/2020/PNKbm,PN KEBUMEN,PN,Pertama,16 Juli 2020,2020,NA,Bersalah,"[Bersalah (2 terdakwa)] Para terdakwa bersalah mengangkut BBM tanpa izin usaha pengangkutan (dakwaan alternatif kedua); masing-masing penjara 1 bulan, denda Rp1.000.000 subsider 1 bulan kurungan; BBM premium dirampas untuk negara.",Premium,Ya,NA,NA,NA,510,liter,Barang bukti dirampas: 9 jeriken berisi premium 270 liter + 8 jeriken berisi premium 240 liter = 510 liter.,Overview direktori,Tidak ada,NA,C013,Pidana Khusus Migas,klasifikasi Migas,https://putusan3.mahkamahagung.go.id/direktori/putusan/a844e096fde381d08254d6c4aa5a44a2.html,9 (Sembilan) buah jeligen yang berisikan bahan bakar minyak jenis premium 270 liter | 8 (delapan) buah jerigen yang berisikan bahan bakar minyak jenis premium 240 liter ;Dirampas untuk Negara | bersalah melakukan tindak pidana telah melakukan Pengangkutan Bahan Bakar Minyak Tanpa Izin Usaha Pengangkutan,"PDF tidak tersedia; data dari catatan amar overview. Modus pengangkutan premium dalam jeriken memakai 2 mobil pribadi, dengan 6 nota pembelian dari SPBU Prembun. Tahun kejadian tidak disebut di overview."
11,28/Pid.Sus/2020/PN Mrh,PN MARABAHAN,PN,Pertama,4 Mei 2020,2020,2018,Bersalah,Terbukti bersalah menyuruh melakukan penyalahgunaan pengangkutan dan niaga BBM bersubsidi; pidana penjara 2 tahun 3 bulan dan denda Rp40 miliar subsider 3 bulan kurungan.,Solar/Biosolar (subsidi),Ya,124025000,IDR,nilai BBM = volume × harga per liter Rp 6050 (dihitung): 20500 liter × Rp6050 (harga beli terdakwa dari SPBU) = Rp124025000,20500,liter,± 20.500 liter biosolar menurut berita acara penghitungan fisik barang sitaan Disperindag 19 Desember 2018; pembelian terakhir 5.000 liter (15 Des) dan 5.000 liter (16 Des 2018); barang bukti terlampir dalam perkara lain.,PDF putusan,Ada,pdf/28_Pid.Sus_2020_PN Mrh.pdf,C014,Pidana Khusus Migas,klasifikasi Migas,https://putusan3.mahkamahagung.go.id/direktori/putusan/d3b6c9cac4f896484d184f8cacc8aae2.html,pada Hari Minggu tanggal 16 Desember 2018 sekira Pukul 21.30 Wita | dengan total Volume Bahan Bakar Minyak Jenis Solar sebesar ± 20.500 Liter | membeli dari SPBU Nomor 63.701.002 ... dengan harga Rp.6.050 (Enam Ribu Lima Puluh Rupiah) per liternya | telah terbukti secara sah dan meyakinkan bersalah melakukan tindak pidana “Menyuruh Melakukan menyalahgunakan pengangkutan dan Niaga Bahan Bakar Minyak yang disubsidi Pemerintah”,"Modus: biosolar subsidi dibeli dari SPBU Rp6050/liter (HET Rp5150) di luar jam operasional memakai truk bertangki modifikasi, ditampung di gudang, dijual ke Kalimantan Tengah Rp8400/liter; keuntungan Rp2350/liter; usaha 2015-2018; Pasal 55 UU 22/2001 jo. Pasal 55 KUHP."
12,27/Pid.Sus/2020/PN Pli,PN PELAIHARI,PN,Pertama,27 Februari 2020,2020,2019,Bersalah,"Terbukti bersalah niaga minyak bumi tanpa izin usaha niaga (Pasal 53 huruf d UU 22/2001); penjara 6 bulan, denda Rp1.000.000 subsider 1 bulan kurungan; ±1.000 liter solar dirampas untuk negara.",Solar/Biosolar (subsidi),Ya,7000000,IDR,nilai BBM = volume × harga per liter Rp7000 (dihitung): 1000 liter × Rp7000 (harga beli terdakwa) = 7000000,1000,liter,±1.000 liter biosolar subsidi disita: 600 liter di drum/jeriken belakang rumah dan 400 liter di kios depan warung (kapasitas wadah tidak dijumlahkan),PDF putusan,Ada,pdf/27_Pid.Sus_2020_PN Pli.pdf,C016,Pidana Khusus Migas,klasifikasi Migas,https://putusan3.mahkamahagung.go.id/direktori/putusan/e1340591e25d4e9e7969e4e4599bce3e.html,"pada hari Jumat tanggal 4 Oktober 2019, sekira pukul 09.00 WITA ... Desa Alur, RT. 001, Kecamatan Jorong | ditemukan kurang lebih sebanyak 1.000 (seribu) liter BBM jenis bio solar di rumah/warung Terdakwa | membeli dari para sopir truck yang membawa BBM jenis bio solar seharga Rp.7.000,00 (tujuh ribu Rupiah) per liter | terbukti secara sah dan meyakinkan bersalah melakukan tindak pidana Niaga Minyak Bumi Tanpa Izin Usaha Niaga","Modus: membeli biosolar subsidi dari sopir truk, ditimbun dalam drum/jeriken di warung, dijual eceran Rp7.500/liter (keuntungan Rp500/liter). Terbukti dakwaan ketiga Pasal 53 huruf d UU 22/2001. Teks: musyawarah 26 Februari 2020; overview: dibacakan 27 Februari 2020."
13,524 K/Pid.Sus/2020,MAHKAMAH AGUNG,MA,Kasasi,22 April 2020,2020,NA,Bersalah,"Tolak kasasi PU; putusan PN Kotabumi (dikuatkan PT Tanjungkarang) tetap: bersalah niaga minyak bumi tanpa izin usaha; penjara 1 bulan, denda Rp5 juta subsider 1 bulan kurungan.",Premium,Ya,NA,NA,NA,350,liter,10 jeriken ukuran 35 liter berisi premium ± 350 liter (dirampas untuk negara); 8 jeriken 35 liter kosong tidak dihitung.,PDF putusan,Ada,pdf/524 K_Pid.Sus_2020.pdf,C017,Pidana Khusus Migas,klasifikasi Migas,https://putusan3.mahkamahagung.go.id/direktori/putusan/zaeb35fb739e45128e6b313333393235.html,"10 (sepuluh) jerigen ... berisi Bahan Bakar Minyak (BBM) jenis premium (bensin) sebanyak lebih kurang 350 (tiga ratus lima puluh) liter | Menolak permohonan kasasi dari Pemohon Kasasi/PENUNTUT UMUM PADA KEJAKSAAN NEGERI LAMPUNG UTARA tersebut | pidana penjara selama 1 (satu) bulan dan denda sebesar Rp5.000.000,00 (lima juta rupiah)","Pasal 53 huruf d UU 22/2001 (niaga tanpa izin usaha); PU menuntut 5 bulan penjara, denda Rp10 juta; barang bukti mobil pick up (dikembalikan) dan jeriken premium; ada fotokopi SIUP/TDP dan rekomendasi kepala desa pembelian BBM tertentu; waktu kejadian tidak disebut (PN 61/Pid.Sus/2019/PN Kbu)."
14,1214 K/Pid.Sus/2020,MAHKAMAH AGUNG,MA,Kasasi,16 Juni 2020,2020,NA,Bersalah,"Tolak kasasi terdakwa dengan perbaikan; tetap bersalah niaga minyak bumi tanpa izin; pidana menjadi penjara 4 bulan masa percobaan 8 bulan, denda Rp2.000.000 subsider 2 bulan kurungan.",Solar (non-subsidi/industri),Ya,5538940,IDR,nilai BBM = volume × harga per liter Rp5500 (dihitung): 1007.08 liter × Rp5500 (harga beli dari tugboat) = 5538940,1007.08,liter,"Barang bukti solar 1.007,08 liter: 4 drum berisi 935,6 liter + 3 jeriken berisi 71,48 liter; pertimbangan MA menyebut total 900 liter",PDF putusan,Ada,pdf/1214 K_Pid.Sus_2020.pdf,C018,Pidana Khusus Migas,klasifikasi Migas,https://putusan3.mahkamahagung.go.id/direktori/putusan/zaeb36066e7bcfa49f3d313435383031.html,"BBM jenis solar sebanyak 1.007,08 (seribu tujuh koma nol delapan) liter | membeli dari kapal Tugboat seharga Rp5.500,00 (lima ribu lima ratus rupiah) per liter | minyak solar yang dibeli Terdakwa bukanlah minyak solar yang bersubsidi | Menolak permohonan kasasi dari Pemohon Kasasi/Terdakwa ... Memperbaiki Putusan Pengadilan Tinggi Pontianak",Niaga solar tanpa izin usaha niaga (Pasal 53 huruf d jo. Pasal 23 UU 22/2001) di Kubu Raya; solar dari tugboat dijual eceran Rp6.500/liter. PN Mempawah 1 tahun; PT 8 bulan; MA 4 bulan percobaan. Tahun kejadian tidak disebut (PN putus 8 Oktober 2019).
15,543 K/Pid.Sus LH/2020,MAHKAMAH AGUNG,MA,Kasasi,22 April 2020,2020,NA,Bersalah,"Tolak kasasi PU, perbaiki pidana pengganti denda; tetap terbukti niaga BBM tanpa izin (Pasal 53 huruf d); penjara 5 bulan percobaan 10 bulan, denda Rp5.000.000 subsider 2 bulan kurungan.",Premium,Ya,NA,NA,NA,10,liter,Kurang lebih 10 liter BBM premium dalam drum ukuran 220 liter (kapasitas drum tidak dihitung); barang bukti dikembalikan kepada terdakwa menurut putusan PN.,PDF putusan,Ada,pdf/543 K_Pid.Sus LH_2020.pdf,C019,Pidana Khusus Migas,klasifikasi Migas,https://putusan3.mahkamahagung.go.id/direktori/putusan/zaeb440a894fec9081ff313130323430.html,"1(satu) unit dispenser kios bensin (pom mini) ... Kurang lebih 10 (sepuluh) liter BBM jenis premium dalam drum | terbukti ... bersalah melakukan tindak pidana Melakukan niaga ... minyak bumi ... tanpa Ijin Usaha Niaga | pidana penjara selama 5 (lima) bulan dan denda sejumlah Rp5.000.000,00 | Menolak permohonan kasasi dari Pemohon Kasasi/PENUNTUT UMUM PADA KEJAKSAAN NEGERI TOLITOLI","Modus kios bensin pom mini (dispenser) tanpa izin usaha niaga. Pasal 53 huruf d UU 22/2001. PN Tolitoli 23/Pid.B/LH/2019/PN Tli dikuatkan PT Palu 96/PID.B/LH/2019/PT PAL. Tuntutan PU penjara 8 bulan, denda Rp50.000.000. Waktu kejadian tidak disebut dalam putusan kasasi."
16,240/Pid.Sus/2020/PN Pti,PN PATI,PN,Pertama,17 Desember 2020,2020,2019,Bersalah,Terbukti menyalahgunakan niaga BBM bersubsidi; penjara 2 bulan dan denda Rp1.000.000 subsider 1 bulan kurungan; solar 5.000 liter (hasil lelang Rp22.425.000) dirampas untuk negara.,Solar/Biosolar (subsidi),Ya,22425000,IDR,nilai BBM (disebut dalam putusan): hasil lelang barang bukti solar 5000 liter Rp22.425.000,5000,liter,"Muatan solar 5000 liter dalam tangki kotak plat besi di bak truk Mitsubishi; telah dilelang, hasil dirampas untuk negara",Overview direktori,Tidak ada,NA,C020,Pidana Khusus Migas,klasifikasi Migas,https://putusan3.mahkamahagung.go.id/direktori/putusan/zaeb49833928ef5e8864313030393131.html,"Muatan BBM jenis solar sebanyak 5.000 (lima ribu) liter yang telah dilakukan pelelangan dengan hasil Rp. 22.425.000,00 | terbukti secara sah dan meyakinkan bersalah melakukan tindak pidana menyalahgunakan niaga bahan bakar minyak (BBM) yang disubsidi pemerintah | 1 (satu) lembar Print Out pembelian BBM, senin 09 Desember 2019, 23:04:49","Modus pengangkutan/niaga solar subsidi dengan truk bertangki modifikasi plat besi, dilengkapi pompa air, selang spiral dan corong (rumusan Pasal 55 UU 22/2001). PDF tidak tersedia; tahun kejadian dari tanggal print out pembelian BBM (9 Desember 2019)."
17,25 K/PID.SUS-LH/2020,MAHKAMAH AGUNG,MA,Kasasi,24 Februari 2020,2020,NA,Bersalah,"Tolak kasasi PU Kejari Tolitoli; putusan PT Palu tetap: bersalah niaga BBM tanpa izin usaha niaga, penjara 5 bulan percobaan 10 bulan, denda Rp5.000.000 subsider 2 bulan.",BBM (jenis tidak disebut),Ya,NA,NA,NA,NA,NA,"Volume BBM tidak disebut; barang bukti 1 drum ukuran 200 liter adalah wadah (tidak dihitung), dispenser POM mini dan nozzle khusus Premium",Overview + data putusan terkait (chain),Tidak ada,NA,C022,Pidana Khusus Migas,klasifikasi Migas,https://putusan3.mahkamahagung.go.id/direktori/putusan/zaebc821b15453989440313332303539.html,Menolak permohonan kasasi dari Pemohon Kasasi/PENUNTUT UMUM PADA KEJAKSAAN NEGERI TOLITOLI tersebut | PT Palu: terbukti secara sah dan menyakinkan bersalah melakukan tindak pidana Melakukan niaga bahan bakar minyak tanpa izin usaha niaga | pidana penjara selama 5 (Lima) Bulan ... masa percobaan selama 10 (sepuluh) Bulan; denda Rp 5.000.000,Tidak ada PDF. Status pemidanaan dari overview PT Palu 94/PID.B/LH/2019/PT PAL (memperbaiki PN Toli-Toli 20/Pid.B/LH/2019/PN Tli). Modus POM mini (nozzle khusus Premium); Pasal 53 huruf d UU 22/2001.
18,875 K/Pid.Sus/2020,MAHKAMAH AGUNG,MA,Kasasi,11 Juni 2020,2020,NA,Bersalah,"[Bersalah (2 terdakwa)] Kasasi ditolak (pemohon tidak disebut di overview); putusan PT Kendari tetap: dua terdakwa bersalah mengangkut solar bersubsidi tanpa izin usaha pengangkutan, penjara masing-masing 3 bulan.",Solar/Biosolar (subsidi),Ya,NA,NA,NA,582.524,liter,"Solar bersubsidi 582,524 liter (koma desimal) dirampas untuk negara menurut amar PN Raha 82/Pid.Sus/2019/PN Rah dan PT Kendari 94/PID.SUS/2019/PT KDI; diangkut dengan mobil Mitsubishi L300 bertangki rakitan.",Overview + data putusan terkait (chain),Tidak ada,NA,C023,Pidana Khusus Migas,klasifikasi Migas,https://putusan3.mahkamahagung.go.id/direktori/putusan/zaebc824540849bcbc13313333393531.html,"Amar: Tolak; Status: Berkekuatan Hukum Tetap (overview 875 K/Pid.Sus/2020) | PT Kendari: bersalah bersama sama melakukan tindak pidana melakukan pengangkutan bahan bakar minyak (BBM) jenis solar bersubsidi tanpa izin usaha Pengangkutan | Solar bersubsidi sebanyak 582,524 (lima ratus delapan puluh dua koma lima ratus dua puluh empat) liter, Dirampas untuk negara | dengan pidana penjara masing-masing selama 3 ( tiga ) bulan","Tanpa PDF; fakta dari overview PN Raha 82/Pid.Sus/2019/PN Rah (pidana bersyarat 6 bulan, percobaan 1 tahun) dan PT Kendari 94/PID.SUS/2019/PT KDI (diperbaiki menjadi penjara 3 bulan). Waktu perbuatan tidak tersedia (register PN 22 April 2019)."
19,326/Pid.Sus/2020/PN Dum,PN DUMAI,PN,Pertama,10 November 2020,2020,2020,Bersalah,"[Bersalah (3 terdakwa)] Terbukti bersama-sama melakukan pengolahan migas tanpa izin usaha (dakwaan alternatif kesatu); penjara masing-masing 4 tahun 6 bulan, denda Rp20.000.000 subsider 2 bulan kurungan.",Minyak mentah; Solar (hasil olahan ilegal),Ya,65000000,IDR,nilai BBM = volume × harga per liter (dihitung): 14000 liter minyak menyerupai solar × Rp3500 (harga jual per liter menurut Terdakwa 1) + 32000 liter minyak mentah × Rp500 (harga beli per liter dari pemasok) = 49000000 + 16000000,46000,liter,"Barang bukti: ±14.000 liter minyak diduga BBM jenis solar dalam 15 baby tank + ±32.000 liter minyak mentah (12.000 liter tungku masak, 13.000 liter bak timbun, 7.000 liter bak besi). Pengukuran penera: 12.187 liter minyak olahan + 32.560 liter minyak mentah (14.122 + 10.104 + 8.334) = 44.747 liter (putusan menulis 44.757, salah jumlah).",PDF putusan,Ada,pdf/326_Pid.Sus_2020_PN_Dum.pdf,C028,Pidana Khusus Pidana Khusus Lain-lain,putusan terkait (rantai perkara Migas),https://putusan3.mahkamahagung.go.id/direktori/putusan/zaeb3f459fcfd2b08aff303932333033.html,"pada bulan Pebruari tahun 2020, sampai dengan hari Jum'at, tanggal 03 Juli 2020 sekira pukul 00.15 WIB | ± 14.000 ... liter Minyak yang diduga BBM jenis solar dalam 15 (lima belas) Baby Tank; ± 32.000 ... liter Minyak mentah | minyak mentah ... dengan harga Rp 500,00 (lima ratus rupiah) per liternya; solar tersebut dijual kembali seharga Rp 3.500,00 ... perliter | terbukti secara sah dan meyakinkan bersalah ... pidana penjara masing-masing selama 4 (empat) tahun 6 (enam) bulan","Modus: penyulingan tradisional minyak mentah limbah sumur PT Chevron menjadi BBM menyerupai solar (tidak memenuhi spesifikasi), Feb–Jul 2020; Pasal 53 huruf a jo. 23 UU 22/2001 jo. 55 KUHP. Hasil penjualan 7 ton solar Rp24.500.000; saksi menyebut harga solar Rp3.000."
20,596/PID.SUS/2020/PT PBR,PT PEKANBARU,PT,Banding,15 Desember 2020,2020,2020,Bersalah,"[Bersalah (3 terdakwa)] Terima banding PU dan para terdakwa; menguatkan putusan PN Dumai 326/Pid.Sus/2020/PN Dum (penjara masing-masing 4 tahun 6 bulan, denda Rp20.000.000 subsider 2 bulan kurungan).",Minyak mentah; Solar (hasil olahan ilegal),Ya,65000000,IDR,nilai BBM = volume × harga per liter (dihitung): 14000 liter minyak menyerupai solar × Rp3500 (harga jual per liter menurut Terdakwa 1) + 32000 liter minyak mentah × Rp500 (harga beli per liter dari pemasok) = 49000000 + 16000000; harga dari PDF 326/Pid.Sus/2020/PN Dum,46000,liter,"Barang bukti: ±14.000 liter minyak diduga BBM jenis solar dalam 15 baby tank + ±32.000 liter minyak mentah (12.000 liter tungku masak, 13.000 liter bak timbun, 7.000 liter bak besi). Pengukuran penera: 12.187 liter minyak olahan + 32.560 liter minyak mentah (14.122 + 10.104 + 8.334) = 44.747 liter (putusan menulis 44.757, salah jumlah).",PDF putusan + data putusan terkait (chain),Ada,pdf/596_PID.SUS_2020_PT_PBR.pdf,C028,Pidana Khusus Pidana Khusus Lain-lain,putusan terkait (rantai perkara Migas),https://putusan3.mahkamahagung.go.id/direktori/putusan/zaeb3e8dbd1b4a6ab41c313132363434.html,"pada bulan Pebruari tahun 2020, sampai dengan hari Jum'at, tanggal 03 Juli 2020 sekira pukul 00.15 WIB | ± 14.000 ... liter Minyak yang diduga BBM jenis solar dalam 15 (lima belas) Baby Tank; ± 32.000 ... liter Minyak mentah | [PN 326/Pid.Sus/2020/PN Dum] minyak mentah ... dengan harga Rp 500,00 ... per liternya; solar ... dijual kembali seharga Rp 3.500,00 ... perliter | Menguatkan putusan Pengadilan Negeri Dumai Nomor 326/Pid.Sus/2020/PN Dum, tanggal 10 November 2020",Harga per liter diambil dari PDF 326/Pid.Sus/2020/PN Dum (chain). Modus: penyulingan ilegal minyak mentah limbah sumur PT Chevron menjadi BBM menyerupai solar; Pasal 53 huruf a jo. 23 UU 22/2001 jo. 55 KUHP. Kasasi 2536 K/Pid.Sus/2021: pidana menjadi 2 tahun.
21,100 K/PID.SUS/2020,MAHKAMAH AGUNG,MA,Kasasi,3 Februari 2020,2020,2019,Bersalah,"Tolak kasasi PU dengan perbaikan: bersalah menyalahgunakan pengangkutan BBM bersubsidi; penjara 10 bulan, denda Rp1 miliar, pengganti denda diperbaiki menjadi kurungan 1 bulan.",Solar/Biosolar (subsidi),Ya,NA,NA,NA,295,liter,"1 drum berisi solar ± 220 liter + 3 jeriken masing-masing ± 25 liter = ± 295 liter (disebut MA), dirampas untuk negara.",PDF putusan,Ada,pdf/100 K_PID.SUS_2020.pdf,C029,Pidana Khusus Migas,klasifikasi Migas,https://putusan3.mahkamahagung.go.id/direktori/putusan/zaecfc1fe1723832bb73313230333539.html,"berada dalam tahanan Rumah Tahanan Negara (RUTAN) sejak tanggal 28 Maret 2019 | Terdakwa juga telah memuat kurang lebih 295 (dua ratus sembilan puluh lima) liter solar dalam drum dan jirigen | Menolak permohonan kasasi dari Pemohon Kasasi/Penuntut Umum pada Kejaksaan Negeri Banjarbaru tersebut | pidana penjara selama 10 (sepuluh) bulan dan denda sebesar Rp1.000.000,000,00 (satu miliar rupiah)","Tahun kejadian disimpulkan dari tanggal penahanan (satu-satunya data waktu). Modus: dump truck dimodifikasi dengan tangki tambahan, solar diangkut dalam drum dan jeriken; Pasal 55 UU 22/2001. PN Banjarbaru: 1 tahun 6 bulan, denda Rp10 miliar."
22,330/PID/2019/PT BNA,PT BANDA ACEH,PT,Banding,6 Januari 2020,2020,2019,Bersalah,"Perbaiki putusan PN Bireuen soal lama pidana: bebas dari dakwaan primair; terbukti niaga minyak bumi tanpa izin usaha niaga; penjara 6 bulan, denda Rp1.000.000 subsider 1 bulan kurungan.",Premium,Ya,258000,IDR,nilai BBM = volume × harga per liter Rp6.450 (dihitung): 40 liter × Rp6.450 (harga beli terdakwa di SPBU),40,liter,"40 liter Premium barang bukti (dirampas untuk negara), ditampung dari tangki mobil ke jerigen",PDF putusan,Ada,pdf/330_PID_2019_PT_BNA.pdf,C030,Pidana Khusus Pidana Khusus Lingkungan Hidup,putusan terkait (rantai perkara Migas),https://putusan3.mahkamahagung.go.id/direktori/putusan/9749663826f38e5c281a0f636f97f59f.html,"pada hari Rabu tanggal 09 Januari 2019 sekira pukul 10.00 wib | 40 (empat puluh) liter minyak BBM jenis premium. Dirampas untuk negara. | dengan harga Rp. 6.450,- (enam ribu empat ratus lima puluh rupiah) perliternya dan akan terdakwa jual kembali seharga Rp. 9.000,- | terbukti secara sah dan menyakinkan bersalah melakukan tindak pidana Melakukan Niaga Minyak Bumi Tanpa Izin Usaha Niaga; pidana penjara selama 6 (enam) bulan",Modus: mengisi Premium di SPBU dengan tangki mobil Daihatsu Feroza lalu dikuras ke jerigen untuk dijual Rp9.000/liter; keuntungan disebut Rp2.250/liter. Pasal 53 huruf d UU 22/2001. PN Bireuen 161/Pid.B/LH/2019/PN Bir: penjara 3 bulan.
23,2398 K/PID.SUS-LH/2020,MAHKAMAH AGUNG,MA,Kasasi,8 September 2020,2020,2019,Bersalah,Kasasi PU tidak dapat diterima (NO); kasasi Terdakwa ditolak dengan perbaikan; pemidanaan niaga BBM tanpa izin tetap berlaku (rincian perbaikan tidak tersedia di overview).,Premium,Ya,258000,IDR,nilai BBM = volume × harga per liter Rp6.450 (dihitung): 40 liter × Rp6.450 (data dari putusan PT 330/PID/2019/PT BNA),40,liter,40 liter Premium barang bukti (dirampas untuk negara) menurut putusan PT 330/PID/2019/PT BNA,Overview + data putusan terkait (chain),Tidak ada,NA,C030,Pidana Khusus Migas,klasifikasi Migas,https://putusan3.mahkamahagung.go.id/direktori/putusan/zaecfc3095714476c09d313430333333.html,"amar_lainnya: JPU = NO, TDW = TOLAK PERBAIKAN | PT 330/PID/2019/PT BNA: 40 (empat puluh) liter minyak BBM jenis premium. Dirampas untuk negara. | PT: dengan harga Rp. 6.450,- (enam ribu empat ratus lima puluh rupiah) perliternya | PT: pada hari Rabu tanggal 09 Januari 2019 sekira pukul 10.00 wib","PDF MA tidak tersedia; fakta perkara dari 330/PID/2019/PT BNA (PT Banda Aceh: penjara 6 bulan, denda Rp1.000.000). Status berkekuatan hukum tetap. Pasal 53 huruf d UU 22/2001 (niaga tanpa izin usaha niaga)."
24,129/PID.SUS/2019/PT JMB,PT JAMBI,PT,Banding,22 Januari 2020,2020,2019,Bersalah,"Terima banding PU, perbaiki pidana PN Tanjung Jabung Timur: terbukti bersama-sama mengangkut BBM subsidi tanpa izin usaha pengangkutan; penjara 3 bulan, denda Rp100.000.000 subsider 1 bulan; biosolar dirampas.",Solar/Biosolar (subsidi),Ya,NA,NA,NA,6000,liter,"Biosolar ±6000 liter (dakwaan) dimuat dalam 5 baby tank, 3 drum besi, 2 drum plastik, 1 tong plastik dan 5 jerigen di pompong; dirampas untuk negara",PDF putusan,Ada,pdf/129_PID.SUS_2019_PT_JMB.pdf,C031,Pidana Khusus Pidana Khusus Pertambangan,putusan terkait (rantai perkara Migas),https://putusan3.mahkamahagung.go.id/direktori/putusan/zaec6ca1fba9da06bbd2323133323330.html,"pada hari Sabtu tanggal 08 Juni 2019 sekira pukul 15.00 Wib ... bertempat di Perairan Tanjung Solok – Kampung Laut | memuat bahan bakar minyak jenis bio solar sebanyak ± 6000 liter yang dimuat didalam 5 (lima) buah baby tank | terbukti secara sah dan meyakinkan bersalah melakukan tindak pidana Secara Bersama-Sama Melakukan Pengangkutan Bahan Bakar Minyak Yang Disubsidi Pemerintah Tanpa Izin Usaha Pengangkutan | pidana penjara selama 3 (tiga) bulan dan denda sebesar Rp. 100.000.000,- (seratus juta rupiah)","Teks PDF tersedia (txt/129_PID.SUS_2019_PT_JMB.txt) meski txt_path null. Pengangkutan biosolar subsidi nelayan dari SPDN dengan pompong tanpa izin. Pasal 55 UU 22/2001 jo. Pasal 55 ayat (1) ke-1 KUHP. PN Tjt 78/Pid.Sus/2019: 3 bulan percobaan 1 tahun, denda Rp1.000.000."
25,2408 K/PID.SUS/2020,MAHKAMAH AGUNG,MA,Kasasi,26 Nopember 2020,2020,2019,Bersalah,"Tolak kasasi; putusan PT Jambi 129/PID.SUS/2019/PT JMB (penjara 3 bulan, denda Rp100.000.000 subsider 1 bulan) tetap berlaku; terdakwa bersalah.",Solar/Biosolar (subsidi),Ya,NA,NA,NA,6000,liter,"Biosolar ±6000 liter dalam 5 baby tank, 3 drum besi, 2 drum plastik, 1 tong plastik dan 5 jerigen di pompong (data PDF PT JMB 129/PID.SUS/2019)",Overview + data putusan terkait (chain),Tidak ada,NA,C031,Pidana Khusus Migas,klasifikasi Migas,https://putusan3.mahkamahagung.go.id/direktori/putusan/zaecfc31ea9ba95eba27313431333036.html,amar: Tolak; status: Berkekuatan Hukum Tetap | PT JMB: terbukti ... Melakukan Pengangkutan Bahan Bakar Minyak Yang Disubsidi Pemerintah Tanpa Izin Usaha Pengangkutan | PT JMB: pada hari Sabtu tanggal 08 Juni 2019 sekira pukul 15.00 Wib | PT JMB: memuat bahan bakar minyak jenis bio solar sebanyak ± 6000 liter,PDF tidak tersedia. Fakta perkara dari PDF 129/PID.SUS/2019/PT JMB (chain): pengangkutan ±6000 liter biosolar subsidi dengan pompong tanpa izin pada 8 Juni 2019. Putusan PT pemidanaan dan kasasi ditolak sehingga tetap Bersalah.
26,126/Pid.Sus/2020/PN Tjg,PN TANJUNG,PN,Pertama,23 Juni 2020,2020,2020,Bersalah,"Terbukti mengangkut BBM tanpa izin pengangkutan; penjara 1 tahun, denda Rp5.000.000 subsider 2 bulan kurungan; ditahan setelah BHT; pick up dan ±1.100 liter Premium dirampas untuk negara.",Premium,Ya,9075000,IDR,nilai BBM = volume × harga per liter Rp8250 (dihitung): 1.100 liter × Rp8.250 (harga beli terdakwa menurut dakwaan) = Rp9.075.000,1100,liter,BBM jenis Premium sekitar 1.100 liter dalam jeriken berbagai ukuran yang diangkut dengan mobil pick up; oleh PN dirampas untuk negara.,Overview + data putusan terkait (chain),Tidak ada,NA,C034,Pidana Khusus Pidana Khusus Lain-lain,putusan terkait (rantai perkara Migas),https://putusan3.mahkamahagung.go.id/direktori/putusan/83fc217afaba0a19992ccc93b548181c.html,"BBM jenis Premium sekitar 1.100 (seribu seratus) liter yang termuat dalam jerigen berbagai ukuran; Dirampas untuk Negara | Pidana Penjara selama 1 (Satu) Tahun dan Pidana Denda sebesar Rp5.000.000,00 | (PT BJM) pada hari Jumat tanggal 27 Maret 2020 sekitar pukul 01.30 wita | (PT BJM) dengan harga Rp. 8.250,- (delapan ribu duaratus lima puluh rupiah) per liternya","PDF tidak tersedia; tahun kejadian dan harga beli dari teks 130/PID.SUS/2020/PT BJM (PT ubah pidana jadi 5 bulan, BB dikembalikan; MA 25 K/Pid.Sus/2022 tolak kasasi). Fakta hukum PN: Premium non-subsidi. Pasal 53 huruf b UU 22/2001."
27,130/PID.SUS/2020/PT BJM,PT BANJARMASIN,PT,Banding,2 September 2020,2020,2020,Bersalah,"Ubah putusan PN Tanjung (kualifikasi, pidana, barang bukti): terbukti mengangkut BBM tanpa izin usaha pengangkutan; penjara 5 bulan, denda Rp5.000.000 subsider 2 bulan; barang bukti dikembalikan ke Terdakwa.",Premium,Ya,9075000,IDR,nilai BBM = volume × harga per liter Rp8250 (dihitung): 1.100 liter × Rp8.250 (harga beli terdakwa menurut dakwaan) = Rp9.075.000,1100,liter,BBM jenis Premium sekitar 1.100 liter dalam jeriken berbagai ukuran di bak mobil pick up (barang bukti); PT memerintahkan dikembalikan kepada Terdakwa.,PDF putusan,Ada,pdf/130_PID.SUS_2020_PT_BJM.pdf,C034,Pidana Khusus Pidana Khusus Lain-lain,putusan terkait (rantai perkara Migas),https://putusan3.mahkamahagung.go.id/direktori/putusan/161bec29d5a7a22dc4a9841eb4f6c481.html,"pada hari Jumat tanggal 27 Maret 2020 sekitar pukul 01.30 wita | mengangkut BBM jenis Premium sekitar 1.100 (seribu seratus) liter yang termuat di dalam jerigen berbagai ukuran | dengan harga Rp. 8.250,- (delapan ribu duaratus lima puluh rupiah) per liternya | terbukti secara sah dan meyakinkan bersalah melakukan tindak pidana mengangkut BBM tanpa izin usaha pengangkutan",Pasal 53 huruf b jo. Pasal 23 UU 22/2001. Pengangkutan jeriken dengan pick up dari Tabalong ke Barito Timur untuk dijual ke kios Rp8.900/liter; potensi keuntungan Rp715.000. PT menilai Premium non-subsidi sehingga pidana diringankan.
28,128/PID.SUS/2019/PT JMB,PT JAMBI,PT,Banding,22 Januari 2020,2020,2019,Bersalah,"Terima banding PU; kuatkan putusan PN Tanjung Jabung Timur 77/Pid.Sus/2019/PN.Tjt: bersama-sama niaga BBM subsidi tanpa izin; penjara 3 bulan percobaan 1 tahun, denda Rp1.000.000 subsider 1 bulan.",Solar/Biosolar (subsidi),Ya,NA,NA,NA,6000,liter,"± 6.000 liter bio solar subsidi (peruntukan nelayan) dimuat di pompong dalam 5 baby tank, 3 drum besi, 2 drum plastik, 1 tong plastik dan 5 jerigen (angka perkiraan dalam dakwaan)",PDF putusan,Ada,pdf/128_PID.SUS_2019_PT_JMB.pdf,C035,Pidana Khusus Pidana Khusus Pertambangan,putusan terkait (rantai perkara Migas),https://putusan3.mahkamahagung.go.id/direktori/putusan/ebee6c393f901de7b50501058e40edd8.html,pada hari Sabtu tanggal 08 Juni 2019 sekira pukul 15.00 Wib | memuat bahan bakar minyak jenis bio solar sebanyak ± 6000 liter | bahan bakar minyak yang disubsidi oleh pemerintah yang diperuntukan bagi nelayan | Menguatkan Putusan Pengadilan Negeri Tanjung Jabung Timur Nomor 77/Pid.Sus/2019/PN.Tjt tanggal 13 Nopember 2019,Modus: pengangkutan bio solar subsidi dari SPDN dengan kapal pompong memakai surat rekomendasi Dinas Perikanan yang sudah tidak berlaku. Pasal 55 UU 22/2001 jo. Pasal 55 ayat (1) ke-1 KUHP. Harga per liter tidak disebut. Klasifikasi direktori: Pertambangan.
29,2402 K/Pid.Sus/2020,MAHKAMAH AGUNG,MA,Kasasi,9 September 2020,2020,2019,Bersalah,"Tolak kasasi PU; berlaku putusan PN Tanjung Jabung Timur jo. PT Jambi: penjara 3 bulan (percobaan 1 tahun), denda Rp1.000.000 subsider 1 bulan kurungan; biaya kasasi Rp2.500.",Solar/Biosolar (subsidi),Ya,NA,NA,NA,6000,liter,"± 6.000 liter bio solar subsidi diangkut dengan pompong (5 baby tank, 3 drum besi, 2 drum plastik, 1 tong plastik, 5 jerigen) menurut putusan PT 128/PID.SUS/2019/PT JMB",Overview + data putusan terkait (chain),Tidak ada,NA,C035,Pidana Khusus Migas,klasifikasi Migas,https://putusan3.mahkamahagung.go.id/direktori/putusan/zaecfcefa4f3b61c8759313235313133.html,Menolak permohonan kasasi dari Pemohon Kasasi/Penuntut Umum pada Kejaksaan Negeri Tanjung Jabung Timur tersebut | PT 128/PID.SUS/2019/PT JMB: Menguatkan Putusan Pengadilan Negeri Tanjung Jabung Timur Nomor 77/Pid.Sus/2019/PN.Tjt | PT: memuat bahan bakar minyak jenis bio solar sebanyak ± 6000 liter | PT: pada hari Sabtu tanggal 08 Juni 2019 sekira pukul 15.00 Wib,PDF MA tidak tersedia; fakta perkara dari 128/PID.SUS/2019/PT JMB. Kasasi PU atas putusan pemidanaan ditolak sehingga terdakwa tetap bersalah. Status berkekuatan hukum tetap. Pasal 55 UU 22/2001 jo. Pasal 55 ayat (1) ke-1 KUHP.
30,118/Pid.Sus/2020/PN Mtp,PN MARTAPURA,PN,Pertama,15 Juli 2020,2020,2020,Bersalah,"Terbukti pengangkutan dan usaha niaga 'gas bumi' tanpa izin (dakwaan alternatif kedua); penjara 1 tahun 6 bulan, denda Rp200.000.000 subsider 6 bulan kurungan; ±420 liter solar dirampas.",Solar (status subsidi tidak disebut),Ya,2940000,IDR,"nilai BBM (disebut dalam putusan): total uang pembelian Rp2.940.000 untuk 420 liter solar (dakwaan, dikutip dalam 139/PID.SUS/2020/PT BJM)",420,liter,BBM solar dalam 2 drum ±420 liter disimpan di rumah terdakwa; dirampas untuk negara.,Overview + data putusan terkait (chain),Tidak ada,NA,C037,Pidana Khusus Pidana Khusus Lain-lain,putusan terkait (rantai perkara Migas),https://putusan3.mahkamahagung.go.id/direktori/putusan/2b055669ce0596924c312a842ca75011.html,BBM solar sebanyak 2 (dua) buah drum / + 420 (Empat Ratus Dua Puluh) liter; Dirampas untuk Negara | (PT BJM) pada hari Selasa tanggal 14 Januari 2020 sekitar pukul 21.00 WITA | (PT BJM) mengumpulkan solar sebanyak 420 (empat ratus dua puluh) liter dengan total uang pembelian sebesar Rp2.940.000,PDF tidak tersedia; fakta dari 139/PID.SUS/2020/PT BJM. Penimbunan solar untuk dijual ke nelayan Rp250.000/jeriken 35 L; kualifikasi keliru menyebut 'gas bumi'. Pasal 53 huruf d UU 22/2001. Catatan: 12 jeriken × Rp240.000 = Rp2.880.000 (selisih dengan total disebut).
31,139/PID.SUS/2020/PT BJM,PT BANJARMASIN,PT,Banding,8 September 2020,2020,2020,Bersalah,"Perbaiki pidana PN Martapura: terbukti pengangkutan dan usaha niaga 'gas bumi' (solar) tanpa izin; penjara 5 bulan, denda Rp5.000.000 subsider 2 bulan kurungan; ±420 liter solar dirampas.",Solar (status subsidi tidak disebut),Ya,2940000,IDR,nilai BBM (disebut dalam putusan): total uang pembelian Rp2.940.000 untuk 420 liter solar (dakwaan),420,liter,BBM solar dalam 2 drum ±420 liter yang disimpan di rumah terdakwa; dirampas untuk negara.,PDF putusan,Ada,pdf/139_PID.SUS_2020_PT_BJM.pdf,C037,Pidana Khusus Pidana Khusus Lain-lain,putusan terkait (rantai perkara Migas),https://putusan3.mahkamahagung.go.id/direktori/putusan/2d0c356f8777eb81706007c1e65fe41e.html,pada hari Selasa tanggal 14 Januari 2020 sekitar pukul 21.00 WITA | mengumpulkan solar sebanyak 420 (empat ratus dua puluh) liter dengan total uang pembelian sebesar Rp2.940.000 | BBM solar sebanyak 2 (dua) buah drum/ + 420 (empat ratus dua puluh) liter; Dirampas untuk Negara | pidana penjara selama 5 (lima) bulan dan denda sejumlah Rp5.000.000,Pasal 53 huruf d jo. Pasal 23 ayat (2) huruf d UU 22/2001. Solar dibeli dari penjual pinggir jalan/pelangsir Rp240.000/jeriken 35 L; praktik penyimpanan sudah ±5 tahun; dijual ke nelayan Rp250.000/jeriken. Kualifikasi menyebut 'gas bumi'. Hitungan 12 jeriken × Rp240.000 = Rp2.880.000.
32,11/Pid.Sus/2020/PN Ktp,PN KETAPANG,PN,Pertama,14 Mei 2020,2020,2019,Bersalah,"Bersalah niaga BBM tanpa izin usaha niaga; penjara 1 tahun 6 bulan, denda Rp3.000.000 subsider 2 bulan kurungan; 3.890,224 liter solar dirampas untuk negara.",Solar (status subsidi tidak disebut),Ya,19451120,IDR,"nilai BBM = volume × harga per liter Rp5000 (dihitung): 3.890,224 liter × Rp5.000 (harga beli dari awak kapal)",3890.224,liter,"3.890,224 liter solar dalam 20 drum kapasitas ±200 liter (barang bukti dirampas untuk negara); saksi dan fakta hukum menyebut ±4.000 liter",PDF putusan,Ada,pdf/11_Pid.Sus_2020_PN_Ktp.pdf,C038,Pidana Khusus Pidana Khusus Lain-lain,putusan terkait (rantai perkara Migas),https://putusan3.mahkamahagung.go.id/direktori/putusan/04585c29e81d0dfcb6e5c851f8e0fb3a.html,"pada hari Selasa tanggal 07 Mei 2019 sekitar pukul 17.30 wib ... bertempat di Gudang milik Terdakwa | menemukan Bahan Bakar Minyak jenis solar sebanyak 3.890,224 ... liter yang dimuat dalam 20 (dua puluh) drum | membeli dari orang-orang kapal ... dengan harga Rp.5.000,- (lima ribu rupiah) per liternya | terbukti secara sah dan meyakinkan bersalah melakukan tindak pidana melakukan kegiatan usaha niaga Bahan Bakar Minyak tanpa izin usaha Niaga","Membeli solar dari awak kapal di Muara Kendawangan, ditimbun di gudang dan dijual ke nelayan Rp5.500/liter (keuntungan Rp500/liter); Pasal 53 huruf d jo. Pasal 23 UU 22/2001; terdakwa tidak ditahan."
33,117/PID.SUS/2020/PT PTK,PT PONTIANAK,PT,Banding,26 Juni 2020,2020,2019,Bersalah,"Terima banding Terdakwa; menguatkan PN Ketapang 11/Pid.Sus/2020/PN Ktp: bersalah niaga BBM tanpa izin usaha niaga, penjara 1 tahun 6 bulan, denda Rp3.000.000 subsider 2 bulan.",Solar (status subsidi tidak disebut),Ya,19451120,IDR,"nilai BBM = volume × harga per liter Rp5000 (dihitung): 3.890,224 liter × Rp5.000 (harga beli dari awak kapal)",3890.224,liter,"3.890,224 liter solar dalam 20 drum kapasitas ±200 liter (barang bukti dirampas untuk negara)",PDF putusan,Ada,pdf/117_PID.SUS_2020_PT_PTK.pdf,C038,Pidana Khusus Pidana Khusus Lain-lain,putusan terkait (rantai perkara Migas),https://putusan3.mahkamahagung.go.id/direktori/putusan/6ce9cc086a13d3f435f6eccb1b78d67a.html,"pada hari Selasa tanggal 07 Mei 2019 sekitar pukul 17.30 wib ... di Gudang milik Terdakwa | menemukan Bahan Bakar Minyak jenis solar sebanyak 3.890,224 ... liter yang dimuat dalam 20 (dua puluh) drum besi | dengan harga Rp.5.000,- (lima ribu rupiah) per liternya | Menguatkan Putusan Pengadilan Negeri Ketapang Nomor 11/Pid.Sus/2020/PN Ktp tanggal 14 Mei 2020","Banding terdakwa (keberatan saksi BAP dibacakan; mengaku solar hanya disimpan untuk kapal sendiri) ditolak; Pasal 53 huruf d jo. Pasal 23 UU 22/2001; dijual ke nelayan Rp5.500/liter, keuntungan Rp500/liter."
34,154/Pid.Sus/2019/PN Bek,PN BENGKAYANG,PN,Pertama,8 Januari 2020,2020,2018,Bersalah,"Para terdakwa (2 orang) terbukti bersama-sama melakukan niaga minyak bumi tanpa izin usaha niaga; penjara masing-masing 2 bulan, denda Rp1.000.000 subsider 1 bulan kurungan; solar 720 liter dirampas.",Solar/Biosolar (subsidi),Ya,4680000,IDR,nilai BBM = volume 720 liter × harga per liter Rp6.500 (harga beli terdakwa) (dihitung),720,liter,"24 jerigen × 30 liter solar bersubsidi = 720 liter, dirampas untuk negara",PDF putusan,Ada,pdf/154_Pid.Sus_2019_PN_Bek.pdf,C040,Pidana Khusus Pidana Khusus Lain-lain,putusan terkait (rantai perkara Migas),https://putusan3.mahkamahagung.go.id/direktori/putusan/bc36d147e4b4f85034782389f29305d1.html,"pada hari Jumat tanggal 24 Agustus 2018 sekitar pukul 08.00 Wib | 24 (dua puluh empat) jirigen dengan berisikan 30 (tiga puluh) liter per jirigen dengan total sebanyak 720 (tujuh ratus dua puluh) liter | Para Terdakwa membeli solar tersebut dengan harga Rp 6.500,00 (enam ribu lima ratus rupiah) per liternya | terbukti secara sah dan meyakinkan bersalah melakukan tindak pidana Secara bersama-sama melakukan Niaga Minyak Bumi tanpa Izin Usaha Niaga","Modus membeli solar dari sopir truk, diangkut sepeda motor modifikasi berjerigen, dijual ke pemilik mesin dompeng Rp7.000/liter; keuntungan Rp500/liter dibagi dua. Pasal 53 huruf d jo. 23 ayat (2) huruf d UU 22/2001 jo. 55 ayat (1) ke-1 KUHP."
35,11/PID.SUS/2020/PT PTK,PT PONTIANAK,PT,Banding,31 Januari 2020,2020,2018,Bersalah,"Terima banding para terdakwa dan PU; kuatkan PN Bengkayang 154/Pid.Sus/2019/PN Bek: niaga minyak bumi tanpa izin, penjara masing-masing 2 bulan, denda Rp1.000.000 subsider 1 bulan.",Solar/Biosolar (subsidi),Ya,4680000,IDR,nilai BBM = volume 720 liter × harga per liter Rp6.500 (harga beli terdakwa) (dihitung),720,liter,"24 jerigen × 30 liter solar bersubsidi = 720 liter, dirampas untuk negara",PDF putusan,Ada,pdf/11_PID.SUS_2020_PT_PTK.pdf,C040,Pidana Khusus Pidana Khusus Lain-lain,putusan terkait (rantai perkara Migas),https://putusan3.mahkamahagung.go.id/direktori/putusan/f9ce426e56ef31c103bd5ed7885af2fe.html,"Menguatkan Putusan Pengadilan Negeri Bengkayang tanggal 8 Januari 2020 Nomor: 154 /Pid.Sus/2019/PN.Bek | pada hari Jumat tanggal 24 Agustus 2018 sekitar pukul 08.00 Wib | 24 (dua puluh empat) jirigen dengan berisikan 30 (tiga puluh) liter per jirigen dengan total sebanyak 720 (tujuh ratus dua puluh) liter | membeli solar tersebut dengan harga Rp 6.500,- (enam ribu lima ratus rupiah) per liternya",PU banding karena pidana dinilai terlalu ringan (tuntutan 4 bulan); PT sependapat dengan PN. Niaga solar subsidi dari sopir truk ke pemilik dompeng. Pasal 53 huruf d jo. 23 ayat (2) huruf d UU 22/2001 jo. 55 ayat (1) ke-1 KUHP.
36,2494 K/Pid.Sus/2020,MAHKAMAH AGUNG,MA,Kasasi,9 Nopember 2020,2020,2018,Bersalah,"Tolak kasasi (pemohon dan rincian amar tidak tersedia di overview); putusan PT Pontianak yang menguatkan PN Bengkayang (penjara 2 bulan, denda Rp1.000.000 masing-masing) tetap.",Solar/Biosolar (subsidi),Ya,4680000,IDR,nilai BBM = volume 720 liter × harga per liter Rp6.500 (harga beli terdakwa) (dihitung; data PDF PN Bengkayang/PT Pontianak),720,liter,"24 jerigen × 30 liter solar bersubsidi = 720 liter, dirampas untuk negara (data PN 154/Pid.Sus/2019/PN Bek)",Overview + data putusan terkait (chain),Tidak ada,NA,C040,Pidana Khusus Migas,klasifikasi Migas,https://putusan3.mahkamahagung.go.id/direktori/putusan/zaed01e97c71fb2895fd323034393434.html,Amar overview: Tolak; status Berkekuatan Hukum Tetap | Menguatkan Putusan Pengadilan Negeri Bengkayang tanggal 8 Januari 2020 Nomor: 154 /Pid.Sus/2019/PN.Bek | 24 (dua puluh empat) jirigen ... dengan total sebanyak 720 (tujuh ratus dua puluh) liter | pada hari Jumat tanggal 24 Agustus 2018 sekitar pukul 08.00 Wib,"PDF MA tidak tersedia; fakta perkara dari PDF PN Bengkayang 154/Pid.Sus/2019/PN Bek dan PT Pontianak 11/PID.SUS/2020/PT PTK. Dua terdakwa, niaga solar subsidi tanpa izin (Pasal 53 huruf d UU 22/2001)."
37,12/Pid.Sus/2020/PN Ktp,PN KETAPANG,PN,Pertama,14 Mei 2020,2020,2019,Bersalah,"Terdakwa bersalah melakukan usaha niaga BBM tanpa izin usaha niaga; penjara 1 tahun 6 bulan, denda Rp3.000.000 subsider 2 bulan kurungan; solar 1.970,234 liter dirampas untuk negara.",Solar (status subsidi tidak disebut),Ya,9851170,IDR,nilai BBM = volume × harga per liter Rp5000 (dihitung): 1970.234 liter × Rp5.000 (harga beli terdakwa) = Rp9.851.170,1970.234,liter,"Barang bukti solar 1.970,234 liter dalam 10 drum besi berkapasitas ±200 liter (saksi menyebut ±2.000 liter); dirampas untuk negara.",PDF putusan,Ada,pdf/12_Pid.Sus_2020_PN_Ktp.pdf,C042,Pidana Khusus Pidana Khusus Lain-lain,putusan terkait (rantai perkara Migas),https://putusan3.mahkamahagung.go.id/direktori/putusan/3e356d021f7ebbf71ad918da0dacc02d.html,"pada hari Selasa tanggal 07 Mei 2019 sekitar pukul 15.30 wib | Bahan Bakar Minyak jenis solar sebanyak 1.970,234 ... liter yang dimuat dalam 10 (sepuluh puluh) drum | membeli dari orang-orang kapal ... dengan harga Rp.5.000,- ... per liternya | dijual kepada masyarakat nelayan ... dengan harga Rp.6.000,- ... per liter","Penimbunan di gudang dan niaga eceran solar yang dibeli dari awak kapal, dijual ke nelayan. Pasal 53 huruf d jo. Pasal 23 UU 22/2001. Keuntungan terdakwa Rp1.000/liter. Tuntutan PU 2 tahun 6 bulan."
38,118/PID.SUS/2020/PT PTK,PT PONTIANAK,PT,Banding,1 Juli 2020,2020,2019,Bersalah,"Terima banding terdakwa; kuatkan putusan PN Ketapang 12/Pid.Sus/2020/PN Ktp (penjara 1 tahun 6 bulan, denda Rp3.000.000 subsider 2 bulan); biaya banding Rp5.000.",Solar (status subsidi tidak disebut),Ya,9851170,IDR,nilai BBM = volume × harga per liter Rp5000 (dihitung): 1970.234 liter × Rp5.000 (harga beli terdakwa) = Rp9.851.170,1970.234,liter,"Barang bukti solar 1.970,234 liter dalam 10 drum berkapasitas 200 liter; dirampas untuk negara (amar PN dikuatkan).",PDF putusan,Ada,pdf/118_PID.SUS_2020_PT_PTK.pdf,C042,Pidana Khusus Pidana Khusus Lain-lain,putusan terkait (rantai perkara Migas),https://putusan3.mahkamahagung.go.id/direktori/putusan/e57f0b2083ba89ecefc738e838aff4a7.html,"pada hari Selasa tanggal 07 Mei 2019 sekitar pukul 15.30 wib | Bahan Bakar Minyak jenis solar sebanyak 1.970,234 ... liter | dengan harga Rp.5.000,- (lima ribu rupiah) per liternya | Menguatkan Putusan Pengadilan Negeri Ketapang Nomor : 12/Pid.Sus/2020/PN Ktp","Niaga eceran solar tanpa izin usaha niaga; solar dibeli dari awak kapal Rp5.000/liter dan dijual ke nelayan Rp6.000/liter. Pasal 53 huruf d jo. Pasal 23 UU 22/2001. Terdakwa memohon pidana bersyarat, tetapi ditolak."
39,119/Pid.Sus/2019/PN Kbr,PN KOTOBARU,PN,Pertama,11 Mei 2020,2020,2018,Bersalah,"Bersalah turut serta menyimpan BBM tanpa izin usaha penyimpanan (dakwaan alternatif kedua); penjara 4 bulan, denda Rp1.000.000.000 subsider 1 bulan kurungan; 27 jeriken biosolar dipakai perkara lain.",Solar/Biosolar (subsidi),Ya,5130000,IDR,nilai BBM = volume × harga (dihitung): 27 jeriken × Rp190.000 per jeriken 30 liter (±Rp6.333/liter) = Rp5.130.000; disebut dibayar Rp5.000.000 + sisa utang Rp130.000,810,liter,27 jeriken @30 liter = 810 liter Biosolar (B20) bersubsidi yang disimpan di rumah saksi dan disita 11 Desember 2018; pesanan awal 30 jeriken/900 liter.,Overview + PDF putusan terkait (chain),Tidak ada,NA,C043,Pidana Khusus Pidana Khusus Lain-lain,putusan terkait (rantai perkara Migas),https://putusan3.mahkamahagung.go.id/direktori/putusan/278f3e25538152c73fb4c0db8cb6abb1.html,"pada hari Selasa tanggal 11 Desember 2018 sekira pukul 20.00 Wib | sebanyak 27 (dua puluh tujuh) Jerigen atau 810 (delapan ratus sepuluh liter) | dengan harga Rp. 190.000,- ... per Jirigennya ... membayar sebesar Rp. 5.000.000,- ... sisanya sebesar Rp. 130.000,- masih berhutang | terbukti secara sah dan meyakinkan bersalah melakukan tindak pidana turut serta menyimpan bahan bakar minyak tanpa izin usaha penyimpanan","Tanpa PDF; fakta dari putusan banding 139/PID.SUS/2020/PT PDG (chain). Biosolar dibeli dari pengecer yang menyalin dari truk di SPBU Muara Labuh, untuk kegiatan tambang. Pasal 53 huruf c UU 22/2001 jo. Pasal 55 ayat (1) ke-1 KUHP."
40,139/PID.SUS/2020/PT PDG,PT PADANG,PT,Banding,8 Juli 2020,2020,2018,Bersalah,"Terima banding PU dan Terdakwa; kuatkan putusan PN Koto Baru: bersalah turut serta menyimpan BBM tanpa izin usaha penyimpanan; penjara 4 bulan, denda Rp1.000.000.000 subsider 1 bulan kurungan.",Solar/Biosolar (subsidi),Ya,5130000,IDR,nilai BBM = volume × harga (dihitung): 27 jeriken × Rp190.000 per jeriken 30 liter (±Rp6.333/liter) = Rp5.130.000; disebut dibayar Rp5.000.000 + sisa utang Rp130.000,810,liter,27 jeriken @30 liter = 810 liter Biosolar (B20) bersubsidi yang disimpan di rumah saksi dan disita 11 Desember 2018; pesanan awal 30 jeriken/900 liter.,PDF putusan,Ada,pdf/139_PID.SUS_2020_PT_PDG.pdf,C043,Pidana Khusus Pidana Khusus Lain-lain,putusan terkait (rantai perkara Migas),https://putusan3.mahkamahagung.go.id/direktori/putusan/a8741ad80737fafdff35d18edaeab62d.html,"pada hari Selasa tanggal 11 Desember 2018 sekira pukul 20.00 Wib | sebanyak 27 (dua puluh tujuh) Jerigen atau 810 (delapan ratus sepuluh liter) | dengan harga Rp. 190.000,- ... per Jirigennya, dan untuk 27 (dua puluh tujuh) Jirigen ... membayar sebesar Rp. 5.000.000,- | Menguatkan putusan Pengadilan Negeri Koto Baru tanggal 11 Mei 2020",Terdakwa tidak ditahan; PU banding minta penjara 6 bulan. Pembelaan: hanya membeli 3 jeriken untuk keperluan sendiri dan dalih rekayasa kasus. Biosolar untuk kegiatan tambang. Pasal 53 huruf c UU 22/2001 jo. Pasal 55 ayat (1) ke-1 KUHP.
41,139/Pid.Sus/2020/PN Pyh,PN PAYAKUMBUH,PN,Pertama,26 Agustus 2020,2020,2019,Bersalah,"Terbukti pengangkutan migas tanpa izin usaha pengangkutan (dakwaan kesatu); penjara 6 bulan percobaan 2 tahun, denda Rp15.000.000 subsider 1 bulan; mobil dan premium 155,585 liter dirampas negara.",Premium,Ya,1500000,IDR,nilai BBM (disebut dalam putusan): 2 kali pembelian premium di SPBU masing-masing Rp750.000 = Rp1.500.000 (dari PDF PT PDG dalam chain),155.585,liter,"5 jerigen @35 liter berisi premium 155,585 liter dirampas untuk negara; 6 jerigen kosong dan tangki modifikasi tidak dihitung",Overview + data putusan terkait (chain),Tidak ada,NA,C044,Pidana Khusus Pidana Khusus Lain-lain,putusan terkait (rantai perkara Migas),https://putusan3.mahkamahagung.go.id/direktori/putusan/f6421117a389b0e2a3451f86ccbca203.html,"terbukti secara sah dan meyakinkan bersalah melakukan tindak pidana melakukan pengangkutan minyak dan gas bumi tanpa izin usaha pengangkutan sebagaimana dakwaan kesatu | jerigen isi 35 liter yang berisikan bahan bakar minyak jenis premium sebanyak 155,585 ... liter Dirampas untuk negara | PT PDG: pada Selasa tanggal 15 Oktober 2019 sekira jam 22.00 Wib | PT PDG: membeli bahan bakar minyak jenis premium di SPBU tersebut dengan harga sebesar Rp 750.000,-","PDF tidak tersedia; waktu kejadian, nilai pembelian dan modus dari PDF 220/PID.SUS/2020/PT PDG (chain). Pengangkutan premium dari SPBU dengan tangki pick up modifikasi untuk dijual eceran. Pasal 53 huruf b UU 22/2001."
42,220/PID.SUS/2020/PT PDG,PT PADANG,PT,Banding,15 Oktober 2020,2020,2019,Bersalah,"Terima banding PU, perbaiki putusan PN Payakumbuh soal barang bukti: terbukti pengangkutan migas tanpa izin usaha pengangkutan; penjara 6 bulan percobaan 2 tahun, denda Rp15.000.000; mobil dikembalikan.",Premium,Ya,1500000,IDR,nilai BBM (disebut dalam putusan): 2 kali pembelian premium di SPBU masing-masing Rp750.000 = Rp1.500.000,155.585,liter,"5 jerigen @35 liter berisi premium 155,585 liter dirampas untuk negara (1 jerigen lain masuk DPB; 6 jerigen kosong dan tangki modifikasi tidak dihitung); tuntutan menyebut 160,585 ml (salah ketik)",PDF putusan,Ada,pdf/220_PID.SUS_2020_PT_PDG.pdf,C044,Pidana Khusus Pidana Khusus Lain-lain,putusan terkait (rantai perkara Migas),https://putusan3.mahkamahagung.go.id/direktori/putusan/78392447f60ba5ea5fae32eb8bf498fd.html,"pada Selasa tanggal 15 Oktober 2019 sekira jam 22.00 Wib | membeli bahan bakar minyak jenis premium di SPBU tersebut dengan harga sebesar Rp 750.000,- | 5 (lima) buah jerigen isi 35 liter yang berisikan bahan bakar minyak jenis premium sebanyak 155,585 ... liter | pidana penjara selama 6 (enam) bulan dan pidana denda sejumlah Rp15.000.000,00","Modus membeli premium berulang di SPBU dengan tangki pick up modifikasi, dipindah ke jerigen untuk dijual eceran (±4 tahun). Pasal 53 huruf b jo. Pasal 23 ayat (2) UU 22/2001. Ada dissenting opinion soal berat pidana."
43,120/Pid.Sus/2019/PN Kbr,PN KOTOBARU,PN,Pertama,11 Mei 2020,2020,2018,Bersalah,"Terbukti memberi kesempatan, sarana untuk penyimpanan BBM tanpa izin usaha penyimpanan (dakwaan alternatif kedua); penjara 4 bulan, denda Rp1.000.000.000 subsider 1 bulan kurungan; 27 jerigen bio solar dirampas.",Solar/Biosolar (subsidi),Ya,5150000,IDR,nilai BBM (disebut dalam putusan): harga beli 27 jerigen (810 liter) bio solar Rp5.000.000 dibayar + Rp150.000 masih terutang = Rp5.150.000 (data PDF PT Padang 140/PID.SUS/2020/PT PDG),810,liter,"27 jerigen × 30 liter bio solar = 810 liter, dirampas untuk negara",Overview + data putusan terkait (chain),Tidak ada,NA,C059,Pidana Khusus Pidana Khusus Lain-lain,putusan terkait (rantai perkara Migas),https://putusan3.mahkamahagung.go.id/direktori/putusan/f4e554e7dca329380e8b6f550ae46479.html,"27 (dua puluh tujuh) jerigen ukuran 30 liter minyak jenis bio solar; Dirampas untuk negara | pidana penjara selama 4 (empat) bulan dan denda sejumlah Rp.1.000.000.000,00 (satu milyar rupiah) | pada hari Selasa tanggal 11 Desember 2018 sekira pukul 20.00 Wib (dakwaan, PDF PT Padang) | 27 (dua puluh tujuh) Jerigen isi 30 liter dibayar ... sebesar Rp. 5.000.000 ... masih berutang ... Rp. 150.000","PDF PN tidak tersedia; tahun kejadian, status subsidi dan nilai dari PDF PT Padang 140/PID.SUS/2020/PT PDG (menguatkan); kasasi terdakwa ditolak MA 104 K/Pid.Sus/2022. Pasal 53 huruf c UU 22/2001 jo. 56 ayat (2) KUHP."
44,140/PID.SUS/2020/PT PDG,PT PADANG,PT,Banding,8 Juli 2020,2020,2018,Bersalah,"Terima banding terdakwa dan PU; kuatkan PN Koto Baru 120/Pid.Sus/2019/PN Kbr: memberi kesempatan/sarana penyimpanan BBM tanpa izin; penjara 4 bulan, denda Rp1 miliar subsider 1 bulan.",Solar/Biosolar (subsidi),Ya,5150000,IDR,nilai BBM (disebut dalam putusan): harga beli 27 jerigen (810 liter) bio solar Rp5.000.000 dibayar + Rp150.000 masih terutang = Rp5.150.000,810,liter,"27 jerigen × 30 liter bio solar = 810 liter (pesanan awal 30 jerigen/900 liter), dirampas untuk negara",PDF putusan,Ada,pdf/140_PID.SUS_2020_PT_PDG.pdf,C059,Pidana Khusus Pidana Khusus Lain-lain,putusan terkait (rantai perkara Migas),https://putusan3.mahkamahagung.go.id/direktori/putusan/35e490fb9bb0fd190f98cb29f40d0e13.html,pada hari Selasa tanggal 11 Desember 2018 sekira pukul 20.00 Wib | menurunkan Bahan Bakar Minyak Solar tersebut dirumah Terdakwa sebanyak 27 (dua puluh tujuh) Jerigen atau 810 (delapan ratus sepuluh liter) | 27 (dua puluh tujuh) Jerigen isi 30 liter dibayar ... sebesar Rp. 5.000.000 ... masih berutang ... Rp. 150.000 | Menguatkan Putusan Pengadilan Negeri Koto Baru Nomor 120/Pid.Sus/2019/PN Kbr tanggal 11 Mei 2020,"Solar subsidi dibeli di SPBU Muara Labuh via pengisian lebih tangki truk, dititipkan di rumah (mertua) terdakwa untuk kebutuhan tambang. Pasal 53 huruf c UU 22/2001 jo. 56 ayat (2) KUHP. Harga eceran lokal Rp420.000/jerigen 30 liter. Kasasi ditolak (104 K/Pid.Sus/2022)."
45,34/Pid.Sus/2021/PN Ngb,PN Nanga Bulik,PN,Pertama,23 Juni 2021,2021,2020,Bersalah,"Bersalah melakukan pengangkutan BBM tanpa Izin Usaha Pengangkutan; penjara 1 tahun 6 bulan, denda Rp1.000.000.000 subsider 3 bulan kurungan; terdakwa ditahan; minyak tanah ±600 liter dirampas untuk negara.",Minyak tanah (non-subsidi),Ya,5520000,IDR,nilai BBM = volume × harga per liter Rp9200 (dihitung): 600 liter × Rp9.200 (harga beli dari PT Talenta Selaras Abadi) = Rp5.520.000,600,liter,±600 liter minyak tanah non-subsidi dalam 3 drum plastik (barang bukti dirampas). Terdakwa membeli 5000 liter seharga Rp46.000.000 (saksi: Rp45.927.000) yang disimpan di rumahnya; 5 drum kosong tidak dihitung,PDF putusan,Ada,pdf/34_Pid.Sus_2021_PN Ngb.pdf,C025,Pidana Khusus Migas,klasifikasi Migas,https://putusan3.mahkamahagung.go.id/direktori/putusan/zaebe8989aae6650b926323035323439.html,"pada hari Jumat tanggal 12 Juni 2020 sekira pukul 12.30 WIB | Minyak Tanah sekitar 600 liter yang ditempatkan dalam 3 (tiga) buah drum plastik warna biru kapasitas 200 liter | dengan harga per liter Rp9.200,00 (sembilan ribu dua ratus rupiah) | terbukti secara sah dan meyakinkan bersalah melakukan tindak pidana melakukan pengangkutan bahan bakar minyak tanpa Izin Usaha Pengangkutan","Minyak tanah non-subsidi diangkut dengan drum plastik di pick up untuk dijual eceran tanpa izin; Pasal 53 huruf b UU 22/2001. Keuntungan Rp300/liter (Rp180.000 untuk 3 drum). Residivis (perkara avtur). Berlanjut ke banding, kasasi 4922 K/Pid.Sus/2022 dan PK 580 PK/Pid.Sus/2023."
46,34/Pid.Sus/2021/PN Ngb,PN Nanga Bulik,PN,Pertama,23 Juni 2021,2021,2020,Bersalah,"Bersalah mengangkut BBM tanpa Izin Usaha Pengangkutan; penjara 1 tahun 6 bulan, denda Rp1.000.000.000 subsider 3 bulan kurungan; terdakwa ditahan; minyak tanah ±600 liter dan pick up dirampas negara.",Minyak tanah (non-subsidi),Ya,5520000,IDR,nilai BBM = volume × harga per liter Rp9200 (dihitung): 600 liter × Rp9.200 (harga beli dari PT Talenta Selaras Abadi) = Rp5.520.000,600,liter,±600 liter minyak tanah non-subsidi dalam 3 drum plastik (dirampas untuk negara). Terdakwa membeli 1 tangki 5.000 liter seharga Rp46.000.000 (Rp9.200/liter) yang disimpan di rumahnya; 5 drum kosong tidak dihitung.,Overview + data putusan terkait (chain),Tidak ada,NA,C025,Pidana Khusus Pidana Khusus Lain-lain,putusan terkait (rantai perkara Migas),https://putusan3.mahkamahagung.go.id/direktori/putusan/zaec146e61644f8e9e76313534313235.html,"Minyak Tanah sekitar 600 liter yang ditempatkan dalam 3 (tiga) buah drum plastik warna biru kapasitas 200 liter | 5000 (lima ribu) liter dengan harga Rp46.000.000,00 ... dengan harga per liter Rp9.200,00 | pada hari Jumat tanggal 12 Juni 2020 sekira pukul 12.30 WIB | terbukti secara sah dan meyakinkan bersalah melakukan tindak pidana melakukan pengangkutan bahan bakar minyak tanpa Izin Usaha Pengangkutan","Entri duplikat putusan yang sama dengan record ber-PDF zaebe8989aae6650b926323035323439 (34/Pid.Sus/2021/PN Ngb); fakta diambil dari sana. Kemudian dibebaskan PT Palangkaraya, dibatalkan kasasi 4922 K/Pid.Sus/2022. Chain C025 juga memuat perkara narkotika (salah taut)."
47,157/Pid.Sus/2021/PN Pti,PN PATI,PN,Pertama,20 Desember 2021,2021,2020,Bersalah,"Terbukti turut serta melakukan usaha niaga BBM tanpa izin usaha (dakwaan tunggal); penjara 1 bulan, denda Rp3.000.000 subsider 1 bulan kurungan; barang bukti dikembalikan ke PU untuk perkara lain.",Solar (status subsidi tidak disebut),Ya,NA,NA,NA,14920,liter,"BBM jenis solar 14.920 liter (hasil pengukuran Metrologi Legal Kabupaten Pati, 17 September 2021); tandon kosong, tangki timbun dan kapasitas truk tangki tidak dihitung.",Overview direktori,Tidak ada,NA,C026,Pidana Khusus Migas,klasifikasi Migas,https://putusan3.mahkamahagung.go.id/direktori/putusan/zaec692812b6c59cbbbf313132323137.html,"turut serta melakukan Usaha Niaga Bahan Bakar Minyak Tanpa Izin Usaha | BBM jenis solar sebanyak 14.920 liter (hasil pengukuran volume bahan bakar minyak dari Dinas Perdagangan dan Perindustrian Metrologi Legal Kabupaten Pati | surat permohonan ijin bunker nomor : 0026/LSS/VIII/2020 tanggal 10 Agustus 2020 | Delivery Note number 8053779273 tanggal 05-06-2020, Quantity 8.000 KL, Description Biosolar B 30",PDF tidak tersedia; tahun kejadian disimpulkan dari dokumen barang bukti (Juni–Agustus 2020). Modus: pengiriman solar dengan truk tangki untuk bunker kapal (KM Barokah 01) di Pelabuhan Juwana oleh PT LSS yang mengaku agen BBM industri; Pasal 53 huruf d UU 22/2001.
48,158/Pid.Sus/2021/PN Pti,PN PATI,PN,Pertama,20 Desember 2021,2021,NA,Bersalah,"Terdakwa bersalah turut serta melakukan usaha niaga BBM tanpa izin usaha (dakwaan tunggal); penjara 1 bulan, denda Rp3.000.000 subsider 1 bulan kurungan; solar 14.920 liter dirampas untuk negara.",Solar/Biosolar (status subsidi tidak disebut),Ya,NA,NA,NA,14920,liter,"BBM jenis solar 14.920 liter menurut pengukuran Metrologi Legal Kab. Pati tanggal 17 September 2021 (dirampas untuk negara); truk tangki, tandon, dan tangki timbun dikembalikan.",Overview direktori,Tidak ada,NA,C027,Pidana Khusus Migas,klasifikasi Migas,https://putusan3.mahkamahagung.go.id/direktori/putusan/zaec692932329c38a74e313133303139.html,BBM jenis solar sebanyak 14.920 liter (hasil pengukuran volume bahan bakar minyak ... Metrologi Legal Kab.Pati tanggal 17 September 2021 | terbukti secara sah dan meyakinkan bersalah melakukan tindak pidana turut serta melakukan Usaha Niaga Bahan Bakar Minyak Tanpa Izin Usaha | surat permohonan ijin bunker nomor : 0026/LSS/VIII/2020 tanggal 10 Agustus 2020,"PDF tidak tersedia. Barang bukti memuat dokumen PT LSS sebagai agen BBM industri, delivery note Biosolar B30 (Juni 2020), dan bunker KM Barokah 01 (Agustus 2020). Waktu perbuatan tidak tegas, kemungkinan 2020-2021."
49,2536 K/Pid.Sus/2021,MAHKAMAH AGUNG,MA,Kasasi,1 September 2021,2021,2020,Bersalah,"[Bersalah (3 terdakwa)] Tolak kasasi para terdakwa dengan perbaikan; bersama-sama pengolahan migas tanpa izin usaha; pidana menjadi penjara masing-masing 2 tahun, denda Rp20.000.000 subsider 2 bulan kurungan.",Minyak mentah; Solar (hasil olahan ilegal),Ya,65000000,IDR,nilai BBM = volume × harga per liter (dihitung): 14000 liter minyak menyerupai solar × Rp3500 (harga jual per liter menurut Terdakwa 1) + 32000 liter minyak mentah × Rp500 (harga beli per liter dari pemasok) = 49000000 + 16000000; harga dari PDF 326/Pid.Sus/2020/PN Dum,46000,liter,"Barang bukti: ±14.000 liter minyak diduga BBM jenis solar dalam 15 baby tank + ±32.000 liter minyak mentah (12.000 liter tungku masak, 13.000 liter bak timbun, 7.000 liter bak besi). Pengukuran penera (dari PN/PT): 12.187 liter minyak olahan + 32.560 liter minyak mentah (14.122 + 10.104 + 8.334) = 44.747 liter (PN/PT menulis 44.757, salah jumlah). Pertimbangan MA menyebut 32.000 liter sebagai ""minyak tanah"" (salah tulis; tuntutan dan amar PN yang dikutip MA: minyak mentah).",PDF putusan + data putusan terkait (chain),Ada,pdf/2536 K_Pid.Sus_2021.pdf,C028,Pidana Khusus Migas,klasifikasi Migas,https://putusan3.mahkamahagung.go.id/direktori/putusan/zaecfba988e26fbe9528323135363530.html,"± 14.000 ... liter minyak yang diduga BBM jenis solar dalam 15 (lima belas) Baby Tank; ± 32.000 ... liter minyak mentah | Para Terdakwa tersebut berada dalam tahanan Rumah Tahanan Negara sejak tanggal 4 Juli 2020 | [PN 326/Pid.Sus/2020/PN Dum] minyak mentah ... dengan harga Rp 500,00 ... per liternya; solar ... dijual kembali seharga Rp 3.500,00 ... perliter | pidana penjara masing-masing selama 2 (dua) tahun dan pidana denda masing-masing sebesar Rp20.000.000,00","Penyulingan ilegal minyak mentah limbah sumur PT Chevron menjadi solar, Dumai, Feb–Jul 2020 (Pasal 53a jo. 23 UU 22/2001). MA turunkan pidana 4 th 6 bln jadi 2 th (pekerja upahan). Tahun kejadian & nilai uang dari 326/Pid.Sus/2020/PN Dum."
50,18/Pid.B/LH/2021/PN Krs,PN KRAKSAAN,PN,Pertama,18 Februari 2021,2021,2020,Bersalah,"Bersalah meniru/memalsukan BBM dan hasil olahan (alternatif pertama); penjara 1 tahun, denda Rp100.000.000 subsider 2 bulan; BBM oplosan dimusnahkan, premium asli dirampas.",Premium (oplosan dengan tinner/kondensat),Ya,9438000,IDR,nilai BBM = volume × harga per liter Rp7800 (dihitung): 1.210 liter premium oplosan × Rp7.800 (harga jual terdakwa); 240 liter premium asli tidak dihitung karena harganya tidak disebut,1450,liter,"1.210 liter premium oplosan (4 drum isi 215 liter + 10 jeriken isi 35 liter) + 240 liter premium asli (4 drum berisi 60 liter, dihitung 4 × 60)",Overview + data putusan terkait (chain),Tidak ada,NA,C036,Pidana Khusus Migas,klasifikasi Migas,https://putusan3.mahkamahagung.go.id/direktori/putusan/zaebb15a145221488904313333363431.html,"catatan_amar: terbukti ... bersalah melakukan tindak pidana meniru atau memalsukan Bahan Bakar Minyak dan Gas Bumi dan hasil olahan | 4 (dua) drum isi 215 liter ... 10 (Sepuluh) jurigen Plastik isi 35 Liter berisi BBM jenis premium yang sudah di campur | PT SBY: pada hari Selasa tanggal 13 Oktober 2020 ... melakukan pencampuran atau pengoplosan BBM jenis premium dengan tinner | PT SBY: menjual ... Rp. 7800,- per liternya","Tidak ada PDF; fakta perkara (tahun, volume, harga) dari PDF 251/PID.SUS-LH/2021/PT SBY. Modus pengoplosan premium dengan tinner dan pewarna; Pasal 54 UU 22/2001; keuntungan Rp1.000/liter."
51,251/PID.SUS-LH/2021/PT SBY,PT SURABAYA,PT,Banding,5 April 2021,2021,2020,Bersalah,"Terima banding PU; menguatkan PN Kraksaan 18/Pid.B-LH/2021/PN Krs: bersalah meniru/memalsukan BBM, penjara 1 tahun, denda Rp100.000.000 subsider 2 bulan kurungan.",Premium (oplosan dengan tinner/kondensat),Ya,9438000,IDR,nilai BBM = volume × harga per liter Rp7800 (dihitung): 1.210 liter premium oplosan × Rp7.800 (harga jual terdakwa); 240 liter premium asli tidak dihitung karena harganya tidak disebut,1450,liter,"1.210 liter premium oplosan (4 drum × 215 liter + 10 jeriken × 35 liter; PU menyebut total 1.210 liter) + 240 liter premium asli (4 drum berisi 60 liter, dihitung 4 × 60)",PDF putusan,Ada,pdf/251_PID.SUS-LH_2021_PT_SBY.pdf,C036,Pidana Khusus Pidana Khusus Lingkungan Hidup,putusan terkait (rantai perkara Migas),https://putusan3.mahkamahagung.go.id/direktori/putusan/zaeb9672d0fbcbf8c0fe303735353434.html,"pada hari Selasa tanggal 13 Oktober 2020 sekira jam 13.00 Wib ... Meniru atau memalsukan Bahan Bakar Minyak | pada saat ditangkap memproduksi total keseluruhan 1.210 (seribu dua ratus sepuluh) liter BBM Jenis Premium yang telah dicampur | 4 (empat) Buah drum berisi 60 Liter BBM jenis premium asli | menjual ... dengan harga Rp. 7800,- per liternya sehingga terdakwa mendapatkan keuntungan Rp. 1000,- tiap liternya","Pengoplosan premium (BBM penugasan/subsidi) dengan tinner/kondensat dan pewarna ±5 bulan, dijual Rp285.000/jeriken 35 liter; terbukti Pasal 54 UU 22/2001 (alternatif pertama); keuntungan Rp1.000/liter; tuntutan PU 4 tahun."
52,3877 K/Pid.Sus-LH/2021,MAHKAMAH AGUNG,MA,Kasasi,3 Nopember 2021,2021,2020,Bersalah,"Tolak kasasi (pemohon tidak disebut di overview); putusan PT Surabaya yang menguatkan PN Kraksaan (penjara 1 tahun, denda Rp100.000.000 subsider 2 bulan) tetap berlaku.",Premium (oplosan dengan tinner/kondensat),Ya,9438000,IDR,nilai BBM = volume × harga per liter Rp7800 (dihitung): 1.210 liter premium oplosan × Rp7.800 (harga jual terdakwa); 240 liter premium asli tidak dihitung karena harganya tidak disebut,1450,liter,"1.210 liter premium oplosan (4 drum isi 215 liter + 10 jeriken isi 35 liter) + 240 liter premium asli (4 drum berisi 60 liter, dihitung 4 × 60)",Overview + data putusan terkait (chain),Tidak ada,NA,C036,Pidana Khusus Migas,klasifikasi Migas,https://putusan3.mahkamahagung.go.id/direktori/putusan/zaecfcfeefa25cc297e9313434303431.html,amar overview: Tolak; status Berkekuatan Hukum Tetap | PT SBY: Menguatkan Putusan Pengadilan Negeri Kraksaan tanggal 18 Februari 2021 Nomor 18/Pid.B-LH/2021/PN Krs | PT SBY: pada saat ditangkap memproduksi total keseluruhan 1.210 liter BBM Jenis Premium yang telah dicampur,Tidak ada PDF MA dan catatan amar kosong; fakta perkara dari PDF 251/PID.SUS-LH/2021/PT SBY (menguatkan 18/Pid.B/LH/2021/PN Krs). Pengoplosan premium dengan tinner; Pasal 54 UU 22/2001.
53,19/Pid.B/LH/2021/PN Tkn,PN TAKENGON,PN,Pertama,4 Maret 2021,2021,2020,Bersalah,"Bersalah niaga premium tanpa izin usaha niaga (dakwaan tunggal); penjara 7 bulan, denda Rp1.000.000.000 subsider 1 bulan; mobil, 3 drum dan 117 liter premium dirampas.",Premium,Ya,778050,IDR,nilai BBM = volume × harga per liter Rp6650 (dihitung): 117 liter × Rp6.650 (harga beli di SPBU/HET),117,liter,"117 liter premium (barang bukti dirampas); dakwaan menyebut 114 liter di drum + ±6 liter di jeriken; 3 drum besi ±140 liter adalah wadah, tidak dihitung",Overview + data putusan terkait (chain),Tidak ada,NA,C039,Pidana Khusus Pidana Khusus Lingkungan Hidup,putusan terkait (rantai perkara Migas),https://putusan3.mahkamahagung.go.id/direktori/putusan/zaeb85fd19ed72f2a9c0303931323437.html,"PT BNA: pada hari kamis tanggal 08 Oktober tahun 2020 sekira pukul 02.30 WIB ... di SPBU Jamil Idris | 117 (seratus tujuh belas) liter bahan bakar minyak jenis premium; Masing-masing dirampas untuk negara | PT BNA: dibeli seharga Rp. 6.650,- ... per liter dari harga eceran tetap (HET) | terbukti secara sah dan meyakinkan bersalah melakukan tindak pidana melakukan niaga premium tanpa izin usaha niaga","Tidak ada PDF; tahun, volume dan harga dari PDF 121/PID/LH/2021/PT BNA. Membeli premium di SPBU dini hari dengan drum di mobil untuk dijual di pertamini; Pasal 53 huruf d UU 22/2001."
54,121/PID/LH/2021/PT BNA,PT BANDA ACEH,PT,Banding,26 April 2021,2021,2020,Bersalah,"Terima banding PH; perbaiki PN Takengon: bersalah tanpa izin usaha niaga, penjara 5 bulan, denda Rp1.000.000.000 subsider 1 bulan; 117 liter premium dirampas, mobil dikembalikan.",Premium,Ya,778050,IDR,nilai BBM = volume × harga per liter Rp6650 (dihitung): 117 liter × Rp6.650 (harga beli di SPBU/HET),117,liter,"117 liter premium (barang bukti dirampas untuk negara); dakwaan: 114 liter di drum + ±6 liter di jeriken 35 liter; 3 drum besi ±140 liter adalah wadah, tidak dihitung",PDF putusan,Ada,pdf/121_PID_LH_2021_PT_BNA.pdf,C039,Pidana Khusus Pidana Khusus Lingkungan Hidup,putusan terkait (rantai perkara Migas),https://putusan3.mahkamahagung.go.id/direktori/putusan/zaeba6412049f6de86ed313034303230.html,"pada hari kamis tanggal 08 Oktober tahun 2020 sekira pukul 02.30 WIB ... bertempat di SPBU Jamil Idris | Terdakwa membeli BBM jenis premium sejumlah 117 (seratus tujuh belas) liter | dibeli terdakwa di SBPU 14.245.438 seharga Rp6.650,- ... perliternya untuk dijual dengan harga Rp7.300,- | terbukti secara sah dan meyakinkan bersalah melakukan tindak pidana Tanpa Izin Usaha Niaga","Membeli premium (BBM bersubsidi menurut ahli) di SPBU dengan drum di mobil Kijang untuk dijual di pertamini; Pasal 53 huruf d UU 22/2001; PT menyebut keuntungan Rp76.050 (jual Rp7.300/liter), dakwaan menyebut jual Rp9.000/liter."
55,1493 K/PID.SUS/2021,MAHKAMAH AGUNG,MA,Kasasi,9 Juni 2021,2021,2018,Bersalah,"Kasasi ditolak (pemohon tidak disebut di overview); putusan PT Padang yang menguatkan PN Koto Baru tetap: bersalah menyimpan BBM tanpa izin usaha penyimpanan, penjara 4 bulan, denda Rp1 miliar.",Solar/Biosolar (subsidi),Ya,5130000,IDR,nilai BBM = volume × harga (dihitung): 27 jeriken × Rp190.000 per jeriken 30 liter (±Rp6.333/liter) = Rp5.130.000; disebut dibayar Rp5.000.000 + sisa utang Rp130.000 (dari 139/PID.SUS/2020/PT PDG),810,liter,27 jeriken @30 liter = 810 liter Biosolar (B20) bersubsidi yang disita 11 Desember 2018 (menurut putusan banding dalam chain).,Overview + PDF putusan terkait (chain),Tidak ada,NA,C043,Pidana Khusus Migas,klasifikasi Migas,https://putusan3.mahkamahagung.go.id/direktori/putusan/zaed02410bc0f552a53e303731363331.html,Amar: Tolak; Status: Berkekuatan Hukum Tetap (overview 1493 K/PID.SUS/2021) | pada hari Selasa tanggal 11 Desember 2018 sekira pukul 20.00 Wib | sebanyak 27 (dua puluh tujuh) Jerigen atau 810 (delapan ratus sepuluh liter) | Menguatkan putusan Pengadilan Negeri Koto Baru tanggal 11 Mei 2020,Tanpa PDF; fakta dari 139/PID.SUS/2020/PT PDG (chain). Penyimpanan 27 jeriken biosolar subsidi untuk kegiatan tambang; Pasal 53 huruf c UU 22/2001 jo. Pasal 55 ayat (1) ke-1 KUHP.
56,4116 K/Pid.Sus/2021,MAHKAMAH AGUNG,MA,Kasasi,23 Desember 2021,2021,2019,Bersalah,"Tolak kasasi Penuntut Umum; putusan PT Padang 220/PID.SUS/2020/PT PDG (penjara 6 bulan percobaan 2 tahun, denda Rp15.000.000) tetap; terdakwa tetap bersalah.",Premium,Ya,1500000,IDR,nilai BBM (disebut dalam putusan): 2 kali pembelian premium di SPBU masing-masing Rp750.000 = Rp1.500.000 (dari PDF PT PDG dalam chain),155.585,liter,"5 jerigen @35 liter berisi premium 155,585 liter dirampas untuk negara (data PT PDG)",Overview + data putusan terkait (chain),Tidak ada,NA,C044,Pidana Khusus Migas,klasifikasi Migas,https://putusan3.mahkamahagung.go.id/direktori/putusan/zaed02423d1b297889b4303732353033.html,"Judul: JPU vs YON FEBRI panggilan YON; amar: Tolak; status: Berkekuatan Hukum Tetap | PT PDG: terbukti ... Melakukan pengangkutan minyak dan gas bumi tanpa izin usaha pengangkutan | PT PDG: premium sebanyak 155,585 (seratus lima puluh lima koma lima ratus delapan puluh lima liter) | PT PDG: pada Selasa tanggal 15 Oktober 2019 sekira jam 22.00 Wib","PDF tidak tersedia. Judul 'JPU vs YON FEBRI' menunjukkan kasasi oleh PU atas putusan pemidanaan. Fakta perkara (premium 155,585 liter, pembelian 2 × Rp750.000, 15 Oktober 2019) dari PDF 220/PID.SUS/2020/PT PDG."
57,65/Pid.Sus/2021/PN Mtp,PN MARTAPURA,PN,Pertama,3 Mei 2021,2021,2020,Bersalah,"Terdakwa bersalah melakukan niaga BBM tanpa izin usaha niaga (dakwaan alternatif kedua); penjara 10 bulan, denda Rp5.000.000 subsider 3 bulan kurungan; ±4.500 liter solar dirampas untuk negara.",Solar (non-subsidi/industri),Ya,30000000,IDR,nilai BBM (disebut dalam putusan): harga pembelian 5.000 liter solar dari PT Ressa Rabby Lestari Rp30.000.000 (Rp6.000/liter termasuk pajak),5000,liter,Solar yang dibeli dan diperdagangkan 5.000 liter; barang bukti disita ±4.500 liter (20 drum × ±220 liter + 1 drum ±100 liter); terjual 385 liter senilai Rp2.464.000.,PDF putusan,Ada,pdf/65_Pid.Sus_2021_PN_Mtp.pdf,C045,Pidana Khusus Pidana Khusus Lain-lain,putusan terkait (rantai perkara Migas),https://putusan3.mahkamahagung.go.id/direktori/putusan/zaebb209464d848abb0b313033303436.html,"pada hari Selasa tanggal 14 Juli 2020 sekitar jam 18.30 WITA | BBM jenis solar tersebut dibeli seharga Rp.30.000.000,00 ... sebanyak 5.000,- (lima ribu) liter | BBM jenis Solar yang dijual oleh PT. RESSA RABBY LESTARI ... merupakan BBM jenis Solar non subsidi | pidana penjara selama 10 (sepuluh) bulan dan denda sejumlah Rp 5.000.000,00","Penyimpanan di gudang kayu dan niaga eceran solar ke nelayan oleh CV milik terdakwa, yang hanya memiliki SIUP/izin lokasi. Pasal 53 huruf d UU 22/2001. Keuntungan Rp400/liter (jual Rp6.400). Tuntutan PU 2 tahun."
58,105/PID.SUS/2021/PT BJM,PT BANJARMASIN,PT,Banding,16 Juni 2021,2021,2020,Bersalah,"Terima banding PU dan terdakwa; kuatkan putusan PN Martapura 65/Pid.Sus/2021/PN Mtp (penjara 10 bulan, denda Rp5.000.000 subsider 3 bulan); biaya banding Rp2.500.",Solar (non-subsidi/industri),Ya,30000000,IDR,nilai BBM (disebut dalam putusan): pembelian 5.000 liter solar dengan harga ditambah PPN total Rp30.000.000,5000,liter,Solar dibeli 5.000 liter; barang bukti disita ±4.500 liter dalam 21 drum plastik; terjual 385 liter seharga Rp6.400/liter.,PDF putusan,Ada,pdf/105_PID.SUS_2021_PT_BJM.pdf,C045,Pidana Khusus Pidana Khusus Lain-lain,putusan terkait (rantai perkara Migas),https://putusan3.mahkamahagung.go.id/direktori/putusan/zaebce5a71051676a391313132323230.html,pada hari Selasa tanggal 14 Juli 2020 sekitar jam 18.30 WITA | telah membeli minyak solar sebanyak 5.000. liter ... dengan total harga Rp.30.000.000 | telah berhasil terjual kepada para nelayan ... sebanyak 385 liter dengan harga perliternya Rp. 6.400 | Menguatkan putusan Pengadilan Negeri Martapura tanggal 3 Mei 2021 Nomor 65/Pid.Sus/2021/PN Mtp,Niaga eceran solar tanpa izin usaha niaga; PT memperbaiki pertimbangan menjadi dakwaan kedua (Pasal 53 huruf d UU 22/2001). Status non-subsidi berasal dari keterangan saksi dalam putusan PN Martapura 65/Pid.Sus/2021/PN Mtp.
59,220/Pid.Sus/2020/PN Smp,PN SUMENEP,PN,Pertama,25 Februari 2021,2021,2019,Tidak bersalah,Perbuatan terbukti sebagaimana dakwaan tetapi bukan tindak pidana; terdakwa dilepaskan dari segala tuntutan hukum (onslag); hak dipulihkan; 600 liter solar dikembalikan ke PT Garam; biaya perkara dibebankan negara.,Solar (non-subsidi/industri),Ya,4320000,IDR,nilai BBM = 600 liter (barang bukti disita) × harga per liter Rp7.200 (harga jual solar industri dalam PO PT Dharma Dwipa Utama/PT Pundi Kencana Makmur) = Rp4.320.000 (dihitung),600,liter,"Disita dari PT Garam: 200 L (tangki oranye) + 400 L (tangki abu-abu) solar; kapasitas tangki @5.000 L tidak dihitung. Transaksi: PT Garam 9–11 kali × 5.000 L; PT Pundi Kencana 5 × 5.000 L; PT Dharma Dwipa 12 kali (PO 35.000/32.000/32.000 L, bayar ±Rp900 juta); ±42.000 L di tangki duduk tidak disita.",PDF putusan,Ada,pdf/220_Pid.Sus_2020_PN_Smp.pdf,C048,Pidana Khusus Pidana Khusus Lain-lain,putusan terkait (rantai perkara Migas),https://putusan3.mahkamahagung.go.id/direktori/putusan/zaee04155d9549428a37303935333530.html,sejak bulan September 2019 sampai dengan bulan November 2019 melakukan kegiatan jual beli BBM jenis solar non subsidi | Sebanyak 200 Liter BBM jenis Solar ... Sebanyak 400 liter BBM jenis Solar yang berada dalam tangki warna abu-abu | harga BBM jenis solar yang dijual oleh PT. PPI kepada PT Pundi Kencana Makmur perliternya untuk solar Non Subsidi Rp 7.200 | Melepaskan terdakwa oleh karena itu dari segala tuntutan hukum (onslag van alle rechvervolging),"Pasal 53 huruf d UU 22/2001; niaga solar industri tanpa izin niaga via PT BBJ/PT PPI ke PT Garam, PT Dharma Dwipa Utama, PT Pundi Kencana Makmur. Lepas karena dilakukan atas nama badan usaha. Alternatif: harga ke PT Garam Rp10.000/L → Rp6.000.000."
60,220/Pid.Sus/2020/PN Smp,PN SUMENEP,PN,Pertama,25 Februari 2021,2021,2019,Tidak bersalah,Perbuatan terbukti sebagaimana dakwaan tetapi bukan tindak pidana; terdakwa dilepaskan dari segala tuntutan hukum (onslag); hak dipulihkan; 600 liter solar dikembalikan ke PT Garam; biaya perkara dibebankan negara.,Solar (non-subsidi/industri),Ya,4320000,IDR,nilai BBM = 600 liter (barang bukti disita) × harga per liter Rp7.200 (harga jual solar industri dalam PO PT Dharma Dwipa Utama/PT Pundi Kencana Makmur) = Rp4.320.000 (dihitung),600,liter,Disita dari PT Garam: 200 L (tangki oranye) + 400 L (tangki abu-abu) solar; kapasitas tangki @5.000 L tidak dihitung. Transaksi: PT Garam 9–11 kali × 5.000 L; PT Pundi Kencana 5 × 5.000 L; PT Dharma Dwipa 12 kali (PO 35.000/32.000/32.000 L); ±42.000 L di tangki duduk tidak disita.,Overview + data putusan terkait (chain),Tidak ada,NA,C048,Pidana Khusus Pidana Khusus Lain-lain,putusan terkait (rantai perkara Migas),https://putusan3.mahkamahagung.go.id/direktori/putusan/zaebf895ee7624789bd0303531333539.html,"sejak bulan September 2019 sampai dengan bulan November 2019 melakukan kegiatan jual beli BBM jenis solar non subsidi | 200 Liter BBM jenis Solar ... dan barang bukti 400 liter BBM jenis Solar ... yang disita dari PT. Garam | PO No: 112-1909-00001/KT3 ... Jumlah 35.000 L dengan harga Rp. 7.200,- | Melepaskan terdakwa oleh karena itu dari segala tuntutan hukum (onslag van alle rechvervolging)",Record duplikat tanpa PDF; data dari PDF putusan yang sama (record zaee04155d9549428a37303935333530). Pasal 53 huruf d UU 22/2001. Lepas karena niaga atas nama badan usaha. MA 439 K/Pid.Sus/2022 kabul kasasi PU. Alternatif: harga ke PT Garam Rp10.000/L → Rp6.000.000.
61,5/Pid.Sus/2021/PN Pti,PN PATI,PN,Pertama,29 April 2021,2021,2020,Bersalah,"Terbukti melakukan pengangkutan tanpa izin usaha pengangkutan (dakwaan primer); penjara 3 bulan, denda Rp3.000.000 subsider 1 bulan; solar ±6000 liter dan tandon dirampas untuk negara.",Solar (non-subsidi/industri),Ya,37800000,IDR,nilai BBM = volume × harga per liter Rp6300 (dihitung): 6000 liter × Rp6.300 (harga beli terdakwa dari agen PT Widya Waskita Wijaya) = Rp37.800.000,6000,liter,"Solar ±6000 liter diisikan ke KM Putra Mina Bahari (2000 liter dari kapal penampungan + 4000 liter dari truk tangki PT WWW), disita dari tangki kapal; kapasitas tandon kosong tidak dihitung",PDF putusan,Ada,pdf/5_Pid.Sus_2021_PN_Pti.pdf,C049,Pidana Khusus Pidana Khusus Lain-lain,putusan terkait (rantai perkara Migas),https://putusan3.mahkamahagung.go.id/direktori/putusan/zaebb6d9c797825a878e313333333233.html,"pada hari Selasa tanggal 18 Agustus 2020 sekira pukul 18.30 Wib ... bertempat di Dermaga Pelabuhan Juwana Pati | Bahan bakar minyak jenis solar sebanyak ± 6000 liter yang diambil dari tangki KM. Putra Mina Bahari | dengan harga Rp.6.300,- (enam ribu tiga ratus rupiah) per liter kemudian terdakwa jual ... dengan harga Rp.6.500,- | pidana penjara selama 3 (tiga) bulan dan denda sejumlah Rp3.000.000,00",Modus pengangkutan/perantara solar dengan perahu tambangan ke KM Putra Mina Bahari (69 GT). Agen menyebut terdakwa membeli solar industri bukan bersubsidi. Keuntungan Rp1.200.000 (dakwaan). Pasal 53 huruf b jo. Pasal 23 ayat (2) huruf b UU 22/2001.
62,231/Pid.Sus/2020/PN Mtp,PN MARTAPURA,PN,Pertama,6 Januari 2021,2021,2020,Bersalah,"Terbukti melakukan tata niaga BBM tanpa izin (Pasal 53 huruf d UU 22/2001, dakwaan tunggal); penjara 1 tahun, denda Rp1.000.000 subsider 1 bulan kurungan; hasil titip jual BBM dirampas negara.",Premium,Ya,15802500,IDR,nilai BBM (disebut dalam putusan): uang hasil titip jual barang bukti 2.450 liter Premium sebesar Rp15.802.500 (setara 2.450 × Rp6.450),2450,liter,70 jeriken @35 liter berisi total 2.450 liter Premium yang dibeli 6 pelangsir dari operator SPBU. Rincian dalam dakwaan: 665 + 175 + 105 + 840 + 665 liter. Rincian per saksi dalam fakta hukum tidak konsisten (berjumlah 3.520 liter). Barang bukti telah dititip jual.,PDF putusan,Ada,pdf/231_Pid.Sus_2020_PN_Mtp.pdf,C051,Pidana Khusus Pidana Khusus Lain-lain,putusan terkait (rantai perkara Migas),https://putusan3.mahkamahagung.go.id/direktori/putusan/zaeb50954eca924aab77313030363136.html,pada hari Senin tanggal 13 Januari 2020 sekitar jam 05.30 Wita ... bertempat di SPBU 64.70601 | 70 (tujuh puluh) jerigen kapasitas 35 ... liter yang berisikan BBM Jenis Premium/Bensin dengan jumlah keseluruhan 2.450 ... liter | titip jual berdasarkan Pasal 45 ayat (1) huruf a KUHAP dengan uang tunai Rp.15.802.500 | terbukti secara sah dan meyakinkan bersalah melakukan tindak pidana MELAKUKAN TATA NIAGA BBM TANPA IJIN,Modus: operator SPBU melayani 6 pelangsir jeriken sebelum jam operasional dengan tambahan Rp200/liter di atas harga resmi Rp6.450. Uang Rp1.057.000 dari terdakwa dirampas. Tuntutan PU 1 tahun 6 bulan. Kasasi 3871 K/Pid.Sus/2021 (Tolak).
63,3871 K/Pid.Sus/2021,MAHKAMAH AGUNG,MA,Kasasi,8 Desember 2021,2021,2020,Bersalah,"Kasasi ditolak (pemohon tidak disebut; putusan banding tidak tercatat di direktori); pemidanaan PN Martapura (tata niaga BBM tanpa izin, penjara 1 tahun, denda Rp1.000.000 subsider 1 bulan) diasumsikan tetap.",Premium,Ya,15802500,IDR,nilai BBM (disebut dalam putusan 231/Pid.Sus/2020/PN Mtp): uang hasil titip jual barang bukti 2.450 liter Premium sebesar Rp15.802.500,2450,liter,"70 jeriken @35 liter berisi total 2.450 liter Premium (menurut putusan PN Martapura), telah dititip jual.",Overview + PDF putusan terkait (chain),Tidak ada,NA,C051,Pidana Khusus Migas,klasifikasi Migas,https://putusan3.mahkamahagung.go.id/direktori/putusan/zaedc168dc285fe6a4c0313333323433.html,Overview MA: amar Tolak; status Berkekuatan Hukum Tetap | PN: 70 (tujuh puluh) jerigen ... BBM Jenis Premium/Bensin dengan jumlah keseluruhan 2.450 ... liter | PN: titip jual ... dengan uang tunai Rp.15.802.500 | PN: pada hari Senin tanggal 13 Januari 2020 sekitar jam 05.30 Wita,"Tidak ada PDF. Fakta perkara diambil dari 231/Pid.Sus/2020/PN Mtp. Putusan PT tidak tercatat di direktori, sehingga status Bersalah diasumsikan dari pemidanaan PN yang tetap karena kasasi ditolak."
64,195/Pid.Sus/2020/PN Sdw,PN KUTAI BARAT,PN,Pertama,8 Februari 2021,2021,2020,Bersalah,"Bersalah pengangkutan BBM tanpa izin usaha pengangkutan (alternatif kesatu); penjara 2 bulan, denda Rp2.000.000 subsider 1 bulan; terdakwa diperintahkan ditahan; Pertalite dirampas.",Pertalite,Ya,1600000,IDR,nilai BBM (disebut dalam putusan): Rp1.600.000 dibayar untuk ±200 liter Pertalite (Rp8.000/liter),200,liter,"±200 liter Pertalite dalam 10 jeriken kapasitas 20 liter (BA pengujian: 200 liter); tangki modifikasi ±200 liter kosong, jeriken 2 liter dan botol 1 liter tidak dihitung",PDF putusan,Ada,pdf/195_Pid.Sus_2020_PN_Sdw.pdf,C055,Pidana Khusus Pidana Khusus Lain-lain,putusan terkait (rantai perkara Migas),https://putusan3.mahkamahagung.go.id/direktori/putusan/zaeb6b42a56a48768096303835323335.html,pada hari Rabu tanggal 18 Maret 2020 sekira jam 11.30 wita ... bertempat di Jl. KH Dewantara | jerigen yang terdakwa bawa sudah berisi BBM jenis pertalite ± 200 liter dengan jumlah uang yang terdakwa bayarkan yaitu Rp. 1.600.000 | terbukti secara sah dan meyakinkan bersalah melakukan tindak pidana melakukan Pengangkutan bahan bakar minyak tanpa ijin usaha Pengangkutan,Membeli Pertalite di SPBU dengan jeriken untuk diecer Rp9.000/liter (keuntungan Rp1.000/liter); mengaku usaha ±1 tahun; Pasal 53 huruf b UU 22/2001; PU menuntut niaga tanpa izin (dakwaan kedua) penjara 6 bulan.
65,65/PID/2021/PT SMR,PT SAMARINDA,PT,Banding,25 Maret 2021,2021,2020,Bersalah,"Terima banding PU; menguatkan PN Kutai Barat dengan menghapus perintah penahanan: bersalah pengangkutan BBM tanpa izin, penjara 2 bulan, denda Rp2.000.000 subsider 1 bulan.",Pertalite,Ya,1600000,IDR,nilai BBM (disebut dalam putusan): Rp1.600.000 dibayar untuk ±200 liter Pertalite (Rp8.000/liter),200,liter,"±200 liter Pertalite dalam 10 jeriken kapasitas 20 liter (BA pengujian: 200 liter); tangki modifikasi ±200 liter kosong, jeriken 2 liter dan botol 1 liter tidak dihitung",PDF putusan + data putusan terkait (chain),Ada,pdf/65_PID_2021_PT_SMR.pdf,C055,Pidana Khusus Pidana Khusus Lain-lain,putusan terkait (rantai perkara Migas),https://putusan3.mahkamahagung.go.id/direktori/putusan/zaeb8d16348f05e2a56e313030303037.html,pada hari Rabu tanggal 18 Maret 2020 sekira jam 11.30 WITA ... bertempat di Jl. KH Dewantara | jerigen yang terdakwa bawa sudah berisi BBM jenis pertalite + 200 liter dengan jumlah uang yang terdakwa bayarkan yaitu Rp1.600.000 | Menguatkan putusan Pengadilan Negeri Kutai Barat ... dengan mengubah/memperbaiki amar putusan dan menghilangkan bunyi kalimat memerintahkan Terdakwa ditahan,Banding PU tanpa memori banding; PT hanya menghapus perintah penahanan (ancaman Pasal 53 huruf b maks. 4 tahun). Modus membeli Pertalite di SPBU dengan jeriken untuk diecer Rp9.000/liter. BA pengujian 200 liter dari 195/Pid.Sus/2020/PN Sdw.
66,4922 K/Pid.Sus/2022,MAHKAMAH AGUNG,MA,Kasasi,5 September 2022,2022,2020,Bersalah,"Kabul kasasi PU; batalkan putusan bebas PT Palangkaraya; terdakwa bersalah mengangkut BBM tanpa izin usaha pengangkutan; penjara 1 tahun, denda Rp1.000.000.000 subsider 2 bulan kurungan.",Minyak tanah (non-subsidi),Ya,5520000,IDR,nilai BBM = volume × harga per liter Rp9200 (dihitung): 600 liter × Rp9.200 (harga beli dari PT Talenta Selaras Abadi) = Rp5.520.000,600,liter,±600 liter minyak tanah non-subsidi dalam 3 drum plastik yang diangkut dengan pick up saat ditangkap (barang bukti dirampas). Terdakwa membeli 1 tangki 5.000 liter dari PT Talenta Selaras Abadi seharga Rp46.000.000 (Rp9.200/liter) yang disimpan di rumahnya; 5 drum kosong tidak dihitung.,PDF putusan,Ada,pdf/4922 K_Pid.Sus_2022.pdf,C025,Pidana Khusus Migas,klasifikasi Migas,https://putusan3.mahkamahagung.go.id/direktori/putusan/zaf03765f5039e8ea8fa303633393039.html,"pada hari Jumat tanggal 12 Juni 2020 sekira pukul 12.30 WIB | Minyak Tanah sekitar 600 (enam ratus) liter yang ditempatkan dalam 3 (tiga) buah drum plastik | harga Rp46.000.000,00 ... dengan harga per liter Rp9.200,00 ... minyak tanah sebanyak 5000 (lima ribu) liter | Mengabulkan permohonan kasasi ... terbukti secara sah dan meyakinkan bersalah",Metadata amar 'Tolak Perbaikan' tidak sesuai teks (kasasi PU dikabulkan). Pasal 53 huruf b UU 22/2001. Volume diselaraskan ke 600 liter barang bukti yang diangkut (sama dengan PN/PK); pembelian 5.000 liter dicatat di keterangan. Untung Rp300/liter; residivis perkara avtur.
67,25 K/Pid.Sus/2022,MAHKAMAH AGUNG,MA,Kasasi,8 Februari 2022,2022,2020,Bersalah,"Menolak kasasi PU dan Terdakwa; putusan PT Banjarmasin tetap: terbukti mengangkut BBM tanpa izin usaha pengangkutan, penjara 5 bulan, denda Rp5.000.000 subsider 2 bulan kurungan.",Premium,Ya,9075000,IDR,nilai BBM = volume × harga per liter Rp8250 (dihitung): 1.100 liter × Rp8.250 (harga beli terdakwa menurut dakwaan) = Rp9.075.000,1100,liter,BBM jenis Premium sekitar 1.100 liter dalam jeriken berbagai ukuran yang diangkut dengan mobil pick up (barang bukti); oleh PT diperintahkan dikembalikan kepada Terdakwa.,PDF putusan + data putusan terkait (chain),Ada,pdf/25_K_Pid.Sus_2022.pdf,C034,Pidana Khusus Migas,klasifikasi Migas,https://putusan3.mahkamahagung.go.id/direktori/putusan/zaecfcb8c15d024a9945303631383138.html,"BBM jenis Premium sekitar 1.100 (seribu seratus) liter yang termuat dalam jerigen berbagai ukuran | terbukti secara sah dan meyakinkan bersalah melakukan tindak pidana ""Mengangkut BBM tanpa izin usaha pengangkutan"" | Menolak permohonan kasasi dari Pemohon Kasasi I/Penuntut Umum ... Menolak permohonan kasasi dari Pemohon Kasasi II/Terdakwa | (130/PID.SUS/2020/PT BJM) pada hari Jumat tanggal 27 Maret 2020 ...; dengan harga Rp. 8.250,- ... per liternya",Pengangkutan Premium dalam jeriken dengan pick up tanpa izin usaha pengangkutan; Pasal 53 huruf b jo. Pasal 23 UU 22/2001. Tahun kejadian dan harga beli dari 130/PID.SUS/2020/PT BJM (chain). Barang bukti dikembalikan sebagai alat mencari nafkah.
68,85 K/Pid.Sus/2022,MAHKAMAH AGUNG,MA,Kasasi,8 Februari 2022,2022,2020,Bersalah,"Tolak kasasi PU dan Terdakwa dengan perbaikan pidana; pengangkutan dan niaga tanpa izin; penjara 3 bulan, denda Rp3.000.000 subsider 1 bulan kurungan.",Solar (status subsidi tidak disebut),Ya,2940000,IDR,"nilai BBM (disebut dalam putusan): total uang pembelian Rp2.940.000 untuk 420 liter solar (dakwaan, dikutip dalam 139/PID.SUS/2020/PT BJM)",420,liter,"BBM solar dalam 2 drum plastik ±420 liter, dirampas untuk negara.",PDF putusan + data putusan terkait (chain),Ada,pdf/85_K_Pid.Sus_2022.pdf,C037,Pidana Khusus Migas,klasifikasi Migas,https://putusan3.mahkamahagung.go.id/direktori/putusan/zaecfd290b186c7e85e8313934323036.html,"(PT BJM) pada hari Selasa tanggal 14 Januari 2020 sekitar pukul 21.00 WITA | (PT BJM) mengumpulkan solar sebanyak 420 (empat ratus dua puluh) liter dengan total uang pembelian sebesar Rp2.940.000 | BBM solar sebanyak 2 (dua) buah drum/ ± 420 (empat ratus dua puluh) liter; Dirampas untuk Negara | pidana penjara selama 3 (tiga) bulan dan pidana denda sebesar Rp3.000.000,00","Solar dibeli dari pelangsir pinggir jalan, disimpan di rumah, dijual ke nelayan Rp250.000/jeriken (dibayar hasil tangkapan); MA: keuntungan Rp10.000 per liter. Tahun kejadian dan total pembelian dari 139/PID.SUS/2020/PT BJM (hitungan 12×Rp240.000=Rp2.880.000). Pasal 53 huruf d UU 22/2001."
69,77 K/Pid.Sus/2022,MAHKAMAH AGUNG,MA,Kasasi,8 Februari 2022,2022,2019,Bersalah,Tolak kasasi dengan perbaikan (amar overview: Tolak Perbaikan); rincian perbaikan tidak tersedia; pemidanaan niaga BBM tanpa izin (PN Ketapang/PT Pontianak) tetap.,Solar (status subsidi tidak disebut),Ya,19451120,IDR,"nilai BBM = volume × harga per liter Rp5000 (dihitung): 3.890,224 liter × Rp5.000 (harga beli dari awak kapal)",3890.224,liter,"3.890,224 liter solar dalam 20 drum kapasitas ±200 liter (barang bukti dirampas untuk negara)",Overview + data putusan terkait (chain),Tidak ada,NA,C038,Pidana Khusus Migas,klasifikasi Migas,https://putusan3.mahkamahagung.go.id/direktori/putusan/zaed018e3bc7768ab3b5303935363331.html,"amar overview: Tolak Perbaikan; status Berkekuatan Hukum Tetap | PN Ktp: pada hari Selasa tanggal 07 Mei 2019 ... menemukan Bahan Bakar Minyak jenis solar sebanyak 3.890,224 liter | PN Ktp: membeli ... dengan harga Rp.5.000,- per liternya",Tidak ada PDF MA dan catatan amar kosong; fakta perkara dari PDF 11/Pid.Sus/2020/PN Ktp dan 117/PID.SUS/2020/PT PTK. Isi perbaikan pidana tidak diketahui. Pasal 53 huruf d UU 22/2001.
70,249 K/Pid.Sus-LH/2022,MAHKAMAH AGUNG,MA,Kasasi,16 Februari 2022,2022,2020,Bersalah,"Tolak kasasi PU dan Terdakwa; berlaku putusan PT Banda Aceh: bersalah niaga tanpa izin usaha niaga, penjara 5 bulan, denda Rp1.000.000.000 subsider 1 bulan kurungan; 117 liter premium dirampas.",Premium,Ya,778050,IDR,nilai BBM = volume × harga per liter Rp6650 (dihitung): 117 liter × Rp6.650 (harga beli di SPBU/HET menurut 121/PID/LH/2021/PT BNA; harga tidak disebut dalam putusan kasasi),117,liter,"117 liter premium (barang bukti dirampas untuk negara); 3 drum besi ±140 liter adalah wadah, tidak dihitung",PDF putusan + data putusan terkait (chain),Ada,pdf/249_K_Pid.Sus-LH_2022.pdf,C039,Pidana Khusus Migas,klasifikasi Migas,https://putusan3.mahkamahagung.go.id/direktori/putusan/zaed01da8d3179e8a932313930323530.html,"117 (seratus tujuh belas) liter bahan bakar minyak jenis premium; Dirampas untuk negara | Menolak permohonan kasasi Pemohon Kasasi I/Penuntut Umum ... dan Pemohon Kasasi II/Terdakwa | PT BNA (chain): pada hari kamis tanggal 08 Oktober tahun 2020 sekira pukul 02.30 WIB | PT BNA (chain): dibeli terdakwa di SBPU 14.245.438 seharga Rp6.650,- ... perliternya",Niaga premium tanpa izin usaha niaga (Pasal 53 huruf d UU 22/2001) dengan mobil Kijang dan drum besi. PN Takengon 7 bulan; PT Banda Aceh 5 bulan. Tahun kejadian (8 Oktober 2020) dan harga Rp6.650/liter dari 121/PID/LH/2021/PT BNA.
71,337 K/Pid.Sus/2022,MAHKAMAH AGUNG,MA,Kasasi,31 Maret 2022,2022,2019,Bersalah,"Tolak kasasi (pemohon tidak disebut di overview); putusan PT Pontianak yang menguatkan PN Ketapang (penjara 1 tahun 6 bulan, denda Rp3.000.000 subsider 2 bulan) tetap.",Solar (status subsidi tidak disebut),Ya,9851170,IDR,nilai BBM = volume × harga per liter Rp5000 (dihitung): 1970.234 liter × Rp5.000 (harga beli terdakwa) = Rp9.851.170 (dari putusan PN Ketapang),1970.234,liter,"Menurut putusan 12/Pid.Sus/2020/PN Ktp, barang bukti solar 1.970,234 liter dalam 10 drum; dirampas untuk negara.",Overview + data putusan terkait (chain),Tidak ada,NA,C042,Pidana Khusus Migas,klasifikasi Migas,https://putusan3.mahkamahagung.go.id/direktori/putusan/zaed01fd142f5e668d88323330393539.html,"Amar overview: Tolak; status Berkekuatan Hukum Tetap | PN Ktp: pada hari Selasa tanggal 07 Mei 2019 sekitar pukul 15.30 wib | PN Ktp: solar sebanyak 1.970,234 ... liter ... harga Rp.5.000,- ... per liternya","PDF MA tidak tersedia. Fakta perkara diambil dari 12/Pid.Sus/2020/PN Ktp dan 118/PID.SUS/2020/PT PTK: niaga solar tanpa izin, Pasal 53 huruf d jo. Pasal 23 UU 22/2001. Kasasi ditolak sehingga pemidanaan tetap."
72,3393 K/PID.SUS/2022,MAHKAMAH AGUNG,MA,Kasasi,29 Juli 2022,2022,2020,Bersalah,"Kasasi PU tidak dapat diterima (NO), kasasi terdakwa ditolak; putusan PT Banjarmasin yang menguatkan PN Martapura (penjara 10 bulan, denda Rp5.000.000 subsider 3 bulan) tetap.",Solar (non-subsidi/industri),Ya,30000000,IDR,nilai BBM (disebut dalam putusan): harga pembelian 5.000 liter solar Rp30.000.000 (dari putusan PN Martapura/PT Banjarmasin),5000,liter,"Menurut putusan PN Martapura dan PT Banjarmasin: solar dibeli 5.000 liter, barang bukti disita ±4.500 liter, terjual 385 liter.",Overview + data putusan terkait (chain),Tidak ada,NA,C045,Pidana Khusus Migas,klasifikasi Migas,https://putusan3.mahkamahagung.go.id/direktori/putusan/zaed4868bab0b332ac80313335363536.html,"Amar overview: JPU = NO, TDW = TOLAK; status Berkekuatan Hukum Tetap | PN Mtp: pada hari Selasa tanggal 14 Juli 2020 sekitar jam 18.30 WITA | PN Mtp: dibeli seharga Rp.30.000.000,00 ... sebanyak 5.000,- (lima ribu) liter","PDF MA tidak tersedia. Fakta perkara diambil dari 65/Pid.Sus/2021/PN Mtp dan 105/PID.SUS/2021/PT BJM: niaga eceran solar non-subsidi tanpa izin, Pasal 53 huruf d UU 22/2001."
73,439 K/Pid.Sus/2022,MAHKAMAH AGUNG,MA,Kasasi,24 Februari 2022,2022,2019,Bersalah,"Kabul kasasi PU, batalkan putusan lepas PN Sumenep; terdakwa bersalah niaga BBM tanpa izin usaha niaga; penjara 1 tahun, denda Rp500.000.000 subsider 1 bulan penjara.",Solar (non-subsidi/industri),Ya,4320000,IDR,nilai BBM = 600 liter (barang bukti disita) × harga per liter Rp7.200 (harga jual solar industri dalam PO pembeli PT Dharma Dwipa Utama/PT Pundi Kencana Makmur kepada perusahaan terdakwa) (dihitung),600,liter,"Barang bukti disita dari PT Garam: ±200 liter (tangki oranye) + ±400 liter (tangki abu-abu) solar; kapasitas tangki @5.000 L tidak dihitung. Dokumen mencatat penjualan a.l. 35.000 L, 32.000 L, 32.000 L (terisi 16.000 L) ke PT Dharma Dwipa Utama, 3×5.000 L ke PT Pundi Kencana Makmur, dan pesanan 3×5.000 L PT Garam; total transaksi tidak disebut.",PDF putusan,Ada,pdf/439 K_Pid.Sus_2022.pdf,C048,Pidana Khusus Migas,klasifikasi Migas,https://putusan3.mahkamahagung.go.id/direktori/putusan/zaed5ef7474fc1ee8a1f303635323436.html,"pada tanggal 19 November 2019 dan tanggal 21 November 2019 melakukan transaksi BBM Solar tanpa izin | Sebanyak ± 200 Liter BBM jenis Solar ... Sebanyak ± 400 liter BBM jenis Solar | PO ... Jumlah 35.000 L dengan harga Rp7.200,00 dari PT. Dharma Dwipa Utama ke PT. Bahari Bangkit Jaya | Mengabulkan permohonan Kasasi dari Pemohon Kasasi/PENUNTUT UMUM ... Membatalkan Putusan Pengadilan Negeri Sumenep","Kepala cabang/komisaris badan usaha menjual solar industri non-subsidi tanpa izin niaga ke PT Garam, PT Dharma Dwipa Utama, PT Pundi Kencana Makmur. PN melepaskan (onslag); ada dissenting opinion (minta bebas). Setoran pembeli tercatat Rp367.200.000 dan Rp460.800.000. Pasal 53 huruf d UU 22/2001."
74,3678 K/Pid.Sus/2022,MAHKAMAH AGUNG,MA,Kasasi,29 Juli 2022,2022,2020,NA,Tolak kasasi (pemohon tidak disebut); isi putusan banding PT Semarang 264/Pid.Sus/2021/PT SMG tidak tersedia sehingga status akhir terdakwa tidak dapat dipastikan.,Solar (non-subsidi/industri),Ya,37800000,IDR,nilai BBM = volume × harga per liter Rp6300 (dihitung): 6000 liter × Rp6.300 (harga beli terdakwa menurut PDF PN Pti dalam chain) = Rp37.800.000,6000,liter,Solar ±6000 liter diisikan ke KM Putra Mina Bahari dan disita (data PN Pti 5/Pid.Sus/2021),Overview + data putusan terkait (chain),Tidak ada,NA,C049,Pidana Khusus Migas,klasifikasi Migas,https://putusan3.mahkamahagung.go.id/direktori/putusan/zaed5f37c03cd95881bf313433343137.html,amar: Tolak; status: Berkekuatan Hukum Tetap; kata kunci: MIGAS | PN Pti: pada hari Selasa tanggal 18 Agustus 2020 sekira pukul 18.30 Wib | PN Pti: Bahan bakar minyak jenis solar sebanyak ± 6000 liter yang diambil dari tangki KM. Putra Mina Bahari | PN Pti: terbukti secara sah dan meyakinkan bersalah melakukan tindak pidana melakukan Pengangkutan ... tanpa Izin Usaha Pengangkutan,"PDF tidak tersedia. Fakta perkara dari PDF 5/Pid.Sus/2021/PN Pti (chain): PN Pati memidana 3 bulan dan denda Rp3.000.000; bila PT menguatkan pemidanaan, status akhir Bersalah."
75,141/Pid.Sus/2022/PN Gdt,PN Gedong Tataan,PN,Pertama,8 Desember 2022,2022,NA,Bersalah,"Terbukti menyalahgunakan pengangkutan dan niaga BBM bersubsidi (dakwaan tunggal); penjara 8 bulan, denda Rp100.000.000 subsider 3 bulan kurungan; mobil Isuzu Panther dan uang hasil lelang dirampas.",Solar/Biosolar (subsidi),Ya,788000,IDR,nilai BBM (disebut dalam putusan): uang hasil lelang 6 jeriken berisi 197 liter solar bersubsidi sebesar Rp788.000,197,liter,"6 jeriken berisi 197 liter BBM bersubsidi jenis solar, telah dilelang dengan hasil Rp788.000.",Overview direktori,Tidak ada,NA,C053,Pidana Khusus Pidana Khusus Lain-lain,putusan terkait (rantai perkara Migas),https://putusan3.mahkamahagung.go.id/direktori/putusan/zaed77606dcece4c964a303832353536.html,"Uang sejumlah Rp788.000,00 ... yang merupakan hasil lelang 6 (enam) dirigen yang berisi 197 ... liter BBM bersubsidi jenis solar | terbukti secara sah dan meyakinkan bersalah melakukan tindak pidana Menyalahgunakan Pengangkutan dan Niaga Bahan Bakar Minyak yang disubsidi Pemerintah | pidana penjara selama 8 (delapan) bulan dan denda sejumlah Rp100.000.000,00",Tidak ada PDF dan tahun kejadian tidak ada di overview. Modus: pengangkutan solar subsidi dalam jeriken dengan mobil Isuzu Panther. Banding 251/PID.SUS/2022/PT TJK menguatkan; kasasi 1258 K/Pid.Sus/2023 ditolak.
76,205/Pid.Sus/2021/PN Gdt,PN Gedong Tataan,PN,Pertama,20 Januari 2022,2022,NA,Tidak bersalah,"Tidak terbukti dakwaan alternatif kesatu dan kedua; terdakwa dibebaskan dari semua dakwaan, hak dipulihkan; mobil dan BBM barang bukti dikembalikan kepada terdakwa; biaya perkara negara.",Premium; Solar/Biosolar (status subsidi tidak disebut); Pertalite; Pertamax,Ya,NA,NA,NA,2310,liter,Premium 51 jerigen × 35 l = 1785 l; Solar 5 × 35 = 175 l; Pertalite 5 × 35 = 175 l; Pertamax 5 × 35 = 175 l; total 66 jerigen = 2310 liter (14 jerigen kosong tidak dihitung); dikembalikan kepada terdakwa,Overview direktori,Tidak ada,NA,C054,Pidana Khusus Migas,klasifikasi Migas,https://putusan3.mahkamahagung.go.id/direktori/putusan/zaec9f8af4a0424290ae313632363130.html,51 (lima puluh satu) jerigen bahan bakar minyak jenis Premium (bensin) masing-masing jerigen berisi 35 (tiga puluh lima) liter | 5 (lima) jerigen bahan bakar minyak jenis Solar masing-masing jerigen berisi 35 liter | tidak terbukti secara sah dan meyakinkan bersalah ... Membebaskan Terdakwa oleh karena itu dari semua dakwaan Penuntut Umum,PDF tidak tersedia; pasal dakwaan dan tahun kejadian tidak diketahui. Pengangkutan BBM berjerigen dengan mobil Mitsubishi L300. Kasasi 4533 K/PID.SUS/2022 memperbaiki menjadi lepas dari segala tuntutan hukum.
77,4533 K/PID.SUS/2022,MAHKAMAH AGUNG,MA,Kasasi,8 September 2022,2022,NA,Tidak bersalah,"Tolak kasasi dengan perbaikan: putusan bebas PN Gedong Tataan diperbaiki; perbuatan terbukti tetapi bukan tindak pidana, terdakwa dilepaskan dari segala tuntutan hukum (onslag), hak dipulihkan.",Premium; Solar/Biosolar (status subsidi tidak disebut); Pertalite; Pertamax,Ya,NA,NA,NA,2310,liter,"Premium 51 jerigen × 35 l = 1785 l; Solar, Pertalite, Pertamax masing-masing 5 × 35 = 175 l; total 66 jerigen = 2310 liter (data overview PN 205/Pid.Sus/2021/PN Gdt; dikembalikan kepada terdakwa)",Overview + data putusan terkait (chain),Tidak ada,NA,C054,Pidana Khusus Migas,klasifikasi Migas,https://putusan3.mahkamahagung.go.id/direktori/putusan/zaedce8e2adcf89aa1b6303730323331.html,Memperbaiki Putusan Pengadilan Negeri Gedong Tataan Nomor 205/Pid.Sus/2021/PN Gdt | perbuatan Terdakwa ... terbukti tetapi perbuatan tersebut bukan merupakan tindak pidana | Melepaskan Terdakwa dari segala tuntutan hukum (ontslaag van alle rechtvervolging) | 51 (lima puluh satu) jerigen bahan bakar minyak jenis Premium (bensin) masing-masing jerigen berisi 35 (tiga puluh lima) liter,PDF MA dan PN tidak tersedia; fakta barang bukti dari overview PN Gedong Tataan 205/Pid.Sus/2021/PN Gdt. Kasasi atas putusan bebas (pemohon tidak disebut di overview); status akhir lepas.
78,3923 K/Pid.Sus/2022,MAHKAMAH AGUNG,MA,Kasasi,1 September 2022,2022,2020,Bersalah,"Tolak kasasi PU dengan perbaikan pidana: bersalah pengangkutan BBM tanpa izin usaha pengangkutan; penjara 3 bulan masa percobaan 6 bulan, denda Rp2.000.000 subsider 1 bulan.",Pertalite,Ya,1600000,IDR,nilai BBM (disebut dalam putusan): Rp1.600.000 dibayar untuk ±200 liter Pertalite (Rp8.000/liter),200,liter,"±200 liter Pertalite dalam 10 jeriken kapasitas 20 liter (BA pengujian: 200 liter); tangki modifikasi ±200 liter kosong, jeriken 2 liter dan botol 1 liter tidak dihitung",PDF putusan + data putusan terkait (chain),Ada,pdf/3923 K_Pid.Sus_2022.pdf,C055,Pidana Khusus Migas,klasifikasi Migas,https://putusan3.mahkamahagung.go.id/direktori/putusan/zaedcea7439095cc898c313030323130.html,[PN 195/Pid.Sus/2020/PN Sdw] pada hari Rabu tanggal 18 Maret 2020 sekira jam 11.30 wita ... bertempat di Jl. KH Dewantara | [PN] jerigen yang terdakwa bawa sudah berisi BBM jenis pertalite ± 200 liter dengan jumlah uang yang terdakwa bayarkan yaitu Rp. 1.600.000 | 10 (sepuluh) buah jerigen plastik kapasitas 20 liter yang berisi bahan bakar minyak jenis Pertalite | Menolak permohonan kasasi dari Pemohon Kasasi/Penuntut Umum ... pidana penjara selama 3 (tiga) bulan ... masa percobaan selama 6 (enam) bulan,Pengangkutan Pertalite jeriken dengan pick up dari SPBU untuk diecer Rp9.000/liter; Pasal 53 huruf b UU 22/2001; pidana diubah jadi percobaan. Kejadian 18 Maret 2020 & nilai Rp1.600.000 dari 195/Pid.Sus/2020/PN Sdw & 65/PID/2021/PT SMR. Metadata 'gas bumi' keliru.
79,104 K/Pid.Sus/2022,MAHKAMAH AGUNG,MA,Kasasi,8 Februari 2022,2022,2018,Bersalah,"Tolak kasasi terdakwa; PN Koto Baru dikuatkan PT Padang: bersalah memberi kesempatan/sarana penyimpanan BBM tanpa izin; penjara 4 bulan, denda Rp1 miliar subsider 1 bulan kurungan.",Solar/Biosolar (subsidi),Ya,5150000,IDR,nilai BBM (disebut dalam putusan): harga beli 27 jerigen (810 liter) bio solar Rp5.000.000 dibayar + Rp150.000 masih terutang = Rp5.150.000 (data PDF PT Padang 140/PID.SUS/2020/PT PDG),810,liter,27 jerigen × 30 liter bio solar = 810 liter (dirampas negara),PDF putusan + data putusan terkait (chain),Ada,pdf/104 K_Pid.Sus_2022.pdf,C059,Pidana Khusus Migas,klasifikasi Migas,https://putusan3.mahkamahagung.go.id/direktori/putusan/zaee89b04c840ee29ac6313032373538.html,pada hari Selasa tanggal 11 Desember 2018 sekira Pukul 20.00 WIB bertempat di rumah Terdakwa | Bahan Bakar Minyak (BBM) jenis bio solar sebanyak 27 (dua puluh tujuh) jerigen yang masing-masing jerigen berisi 30 (tiga puluh) liter | Menolak permohonan kasasi dari Pemohon Kasasi/Terdakwa | 27 jerigen isi 30 liter dibayar ... Rp. 5.000.000 ... masih berutang ... Rp. 150.000 (PDF PT Padang 140/PID.SUS/2020/PT PDG),Penyimpanan biosolar tanpa izin usaha penyimpanan (Pasal 53 huruf c UU 22/2001 jo. Pasal 56 ayat (2) KUHP) di rumah terdakwa atas permintaan pihak lain. Status subsidi dan nilai Rp5.150.000 diambil dari PDF PT Padang 140/PID.SUS/2020/PT PDG (chain).
80,580 PK/Pid.Sus/2023,MAHKAMAH AGUNG,MA,Peninjauan Kembali,14 September 2023,2023,2020,Bersalah,"PK terpidana ditolak; putusan kasasi 4922 K/Pid.Sus/2022 tetap: bersalah mengangkut BBM tanpa izin usaha pengangkutan, penjara 1 tahun, denda Rp1 miliar subsider 2 bulan kurungan.",Minyak tanah (non-subsidi),Ya,5520000,IDR,nilai BBM = volume × harga per liter Rp9200 (dihitung): 600 liter × Rp9.200 (harga beli dari PT Talenta Selaras Abadi menurut 34/Pid.Sus/2021/PN Ngb dan 4922 K/Pid.Sus/2022; harga tidak disebut dalam putusan PK) = Rp5.520.000,600,liter,"Minyak tanah non-subsidi sekitar 600 liter dalam 3 drum plastik kapasitas 200 liter (dirampas untuk negara); 5 drum kosong tidak dihitung. Menurut PN/kasasi (chain), terdakwa membeli 1 tangki 5.000 liter seharga Rp46.000.000 yang disimpan di rumahnya.",PDF putusan + data putusan terkait (chain),Ada,pdf/580_PK_Pid.Sus_2023.pdf,C025,Pidana Khusus Migas,klasifikasi Migas,https://putusan3.mahkamahagung.go.id/direktori/putusan/zaef701604408582a507313531353333.html,"Minyak tanah sekitar 600 (enam ratus) liter yang ditempatkan dalam 3 (tiga) buah drum plastik | telah mengangkut 3 (tiga) drum plastik minyak tanah non subsidi dengan kendaraan mobil Mitsubishi pick up L300 | Menolak permohonan Peninjauan Kembali dari Pemohon Peninjauan Kembali/Terpidana | PN Ngb (chain): pada hari Jumat tanggal 12 Juni 2020 ... dengan harga per liter Rp9.200,00","Tahun kejadian dan harga per liter tidak disebut dalam putusan PK; diambil dari 34/Pid.Sus/2021/PN Ngb dan 4922 K/Pid.Sus/2022. PN menghukum, PT membebaskan, kasasi menghukum, PK ditolak. Pasal 53 huruf b UU 22/2001. Untung Rp300/liter."
81,251/PID.SUS/2022/PT TJK,PT TANJUNG KARANG,PT,Banding,12 Januari 2023,2023,NA,Bersalah,"Menerima banding PU; menguatkan putusan PN Gedong Tataan 141/Pid.Sus/2022/PN Gdt (penjara 8 bulan, denda Rp100.000.000 subsider 3 bulan); terdakwa tetap ditahan; biaya banding Rp2.500.",Solar/Biosolar (subsidi),Ya,788000,IDR,nilai BBM (disebut dalam putusan 141/Pid.Sus/2022/PN Gdt): uang hasil lelang 6 jeriken berisi 197 liter solar bersubsidi sebesar Rp788.000,197,liter,"6 jeriken berisi 197 liter solar bersubsidi, telah dilelang (menurut amar PN Gedong Tataan).",Overview + data putusan terkait (chain),Tidak ada,NA,C053,Pidana Khusus Pidana Khusus Lain-lain,putusan terkait (rantai perkara Migas),https://putusan3.mahkamahagung.go.id/direktori/putusan/zaedb24f1baf081ea931303832303335.html,Menerima permohonan banding dari Jaksa Penuntut Umum; Menguatkan Putusan Pengadilan Negeri Gedong Tataan Nomor 141/Pid.Sus/2022/PN.Gdt | PN: hasil lelang 6 (enam) dirigen yang berisi 197 ... liter BBM bersubsidi jenis solar,Tidak ada PDF. Volume dan nilai diambil dari overview 141/Pid.Sus/2022/PN Gdt. Tahun kejadian tidak tersedia. Kasasi 1258 K/Pid.Sus/2023 ditolak.
82,1258 K/Pid.Sus/2023,MAHKAMAH AGUNG,MA,Kasasi,16 Maret 2023,2023,NA,Bersalah,"Kasasi ditolak (pemohon tidak disebut dalam overview); putusan PN Gedong Tataan jo. PT Tanjung Karang tetap: penjara 8 bulan, denda Rp100.000.000 subsider 3 bulan kurungan.",Solar/Biosolar (subsidi),Ya,788000,IDR,nilai BBM (disebut dalam putusan 141/Pid.Sus/2022/PN Gdt): uang hasil lelang 6 jeriken berisi 197 liter solar bersubsidi sebesar Rp788.000,197,liter,"6 jeriken berisi 197 liter solar bersubsidi, telah dilelang (menurut amar PN Gedong Tataan).",Overview + data putusan terkait (chain),Tidak ada,NA,C053,Pidana Khusus Migas,klasifikasi Migas,https://putusan3.mahkamahagung.go.id/direktori/putusan/zaedce899d1664149e4a303632393535.html,Overview MA: amar Tolak; status Berkekuatan Hukum Tetap | PT: Menguatkan Putusan Pengadilan Negeri Gedong Tataan Nomor 141/Pid.Sus/2022/PN.Gdt | PN: hasil lelang 6 (enam) dirigen yang berisi 197 ... liter BBM bersubsidi jenis solar,"Tidak ada PDF. Fakta perkara dari overview 141/Pid.Sus/2022/PN Gdt dan 251/PID.SUS/2022/PT TJK. PN dan PT sama-sama memidana, sehingga pemidanaan tetap setelah kasasi ditolak."
83,182/Pid.B/LH/2023/PN.Jkt.Tim,PN JAKARTA TIMUR,PN,Pertama,5 Juni 2023,2023,NA,Tidak bersalah,"Terdakwa tidak terbukti bersalah, dibebaskan dari segala dakwaan (vrijspraak), hak dipulihkan, dikeluarkan dari tahanan; biaya perkara dibebankan kepada negara.",Solar (status subsidi tidak disebut),Ya,NA,NA,NA,27911,liter,"27.911 liter solar (barang bukti, dikembalikan kepada PU untuk perkara tersangka lain yang DPO); 3 tangki kapasitas 8.000 liter dan kempu penampungan adalah wadah, tidak dihitung",Overview direktori,Tidak ada,NA,C058,Pidana Khusus Migas,klasifikasi Migas,https://putusan3.mahkamahagung.go.id/direktori/putusan/zaee1fb9b3320326882e313430383133.html,tidak terbukti secara sah dan meyakinkan bersalah melakukan tindak pidana yang didakwakan kepadanya | Membebaskan Terdakwa ... dari segala Dakwaan (Vrijs Praak) | 27.911 (dua puluh tujuh ribu sembilan ratus sebelas) liter Bahan Bakar Minyak jenis solar,"Tidak ada PDF; dakwaan dan waktu kejadian tidak tersedia di overview. Barang bukti solar, tangki dan pompa dipakai untuk perkara pelaku lain yang belum tertangkap (DPO)."
84,14/Pid.B/LH/2023/PN Bla,PN BLORA,PN,Pertama,14 April 2023,2023,2022,Bersalah,"Terbukti turut serta memalsukan BBM (dakwaan alternatif kedua); penjara 1 tahun 2 bulan, denda Rp50.000.000 subsider 3 bulan; BBM solar 24.000 liter dirampas negara; truk tangki dikembalikan.",Solar/Biosolar (subsidi); Minyak mentah,Ya,158400000,IDR,nilai BBM (disebut dalam putusan): jumlah seluruh dana pembelian solar subsidi dari sopir dump truck Rp158.400.000 (fakta hukum PDF PT SMG 262/PID.SUS/2023 dalam chain; harga beli Rp6.600/liter; angka ini tidak sama dengan 16.000 liter × Rp6.600 = Rp105.600.000),24000,liter,Muatan truk tangki L-9683-UO 24.000 liter = 16.000 liter solar subsidi (dibeli dari sopir dump truck/SPBU) dioplos 8.000 liter minyak mentah Wonocolo,Overview + data putusan terkait (chain),Tidak ada,NA,C060,Pidana Khusus Pidana Khusus Lingkungan Hidup,putusan terkait (rantai perkara Migas),https://putusan3.mahkamahagung.go.id/direktori/putusan/zaeddcec6555145ab28b313335323138.html,"bersalah melakukan tindak pidana Turut Serta Memalsukan Bahan Bakar Minyak, sebagaimana dalam dakwaan alternatif kedua | BBM solar dengan muatan 24.000 liter; ... Dirampas untuk Negara | PT SMG: 16000 liter merupakan BBM jenis solar bersubsidi dan 8000 liter minyak mentah wonocolo | PT SMG: pada hari Jumat tanggal 26 Agustus 2022 sekira pukul.21.00 Wib","PDF tidak tersedia; fakta dari PDF 262/PID.SUS/2023/PT SMG (chain). Solar subsidi dibeli dari sopir dump truck, ditimbun, dioplos minyak mentah Wonocolo, diangkut truk tangki untuk dijual ke Gresik Rp8.500/liter. Pasal 54 UU 22/2001."
85,262/PID.SUS/2023/PT SMG,PT SEMARANG,PT,Banding,29 Mei 2023,2023,2022,Bersalah,"Terima banding PU, batalkan PN Blora; terbukti turut serta menyalahgunakan pengangkutan/niaga BBM subsidi (Pasal 55 UU Migas); penjara 1 tahun 2 bulan, denda Rp50.000.000 subsider 3 bulan.",Solar/Biosolar (subsidi); Minyak mentah,Ya,158400000,IDR,nilai BBM (disebut dalam putusan): jumlah seluruh dana pembelian solar subsidi dari sopir dump truck Rp158.400.000 (fakta hukum; harga beli Rp6.600/liter; angka ini tidak sama dengan 16.000 liter × Rp6.600 = Rp105.600.000),24000,liter,Muatan truk tangki L-9683-UO 24.000 liter = 16.000 liter solar subsidi (dibeli dari sopir dump truck/SPBU) dioplos 8.000 liter minyak mentah Wonocolo,PDF putusan,Ada,pdf/262_PID.SUS_2023_PT_SMG.pdf,C060,Pidana Khusus Pidana Khusus Lingkungan Hidup,putusan terkait (rantai perkara Migas),https://putusan3.mahkamahagung.go.id/direktori/putusan/zaedfdd4a17b9f7cb32e313035353230.html,"pada hari Jumat tanggal 26 Agustus 2022 sekira pukul.21.00 Wib | dengan rincian 16000 liter merupakan BBM jenis solar bersubsidi dan 8000 liter minyak mentah wonocolo | Jumlah seluruhnya untuk membeli minyak solar subsidi dari dump truck yang diambil dari tangki sebesar Rp.158.400.000,- | pidana penjara selama 1 (satu) tahun dan 2 (dua) bulan dan denda sejumlah Rp50.000.000,00","Modus: solar subsidi dibeli dari sopir dump truck Rp6.600/liter, ditimbun di gudang, dioplos minyak mentah (Rp7.200/liter), dijual Rp8.500/liter; untung terdakwa Rp500/liter. Rincian transfer dakwaan berjumlah Rp344 juta. Barang bukti dikembalikan ke JPU."
86,4236 K/Pid.Sus-LH/2023,MAHKAMAH AGUNG,MA,Kasasi,7 September 2023,2023,2022,Bersalah,"Tolak kasasi dengan perbaikan (isi perbaikan tidak tersedia di overview); putusan PT Semarang: bersalah penyalahgunaan pengangkutan/niaga BBM subsidi, penjara 1 tahun 2 bulan, denda Rp50.000.000; terdakwa tetap bersalah.",Solar/Biosolar (subsidi); Minyak mentah,Ya,158400000,IDR,nilai BBM (disebut dalam putusan): jumlah seluruh dana pembelian solar subsidi Rp158.400.000 (fakta hukum PDF PT SMG 262/PID.SUS/2023 dalam chain; harga beli Rp6.600/liter; angka ini tidak sama dengan 16.000 liter × Rp6.600 = Rp105.600.000),24000,liter,24.000 liter = 16.000 liter solar subsidi + 8.000 liter minyak mentah Wonocolo (data PT SMG 262/PID.SUS/2023),Overview + data putusan terkait (chain),Tidak ada,NA,C060,Pidana Khusus Migas,klasifikasi Migas,https://putusan3.mahkamahagung.go.id/direktori/putusan/zaee98a8fc7006e296d3313134333235.html,amar: Tolak Perbaikan; status: Berkekuatan Hukum Tetap | PT SMG: bersalah melakukan tindak pidana Turut serta Menyalahgunakan Pengangkutan dan atau Niaga bahan bakar minyak yang disubsidi Pemerintah | PT SMG: 16000 liter merupakan BBM jenis solar bersubsidi dan 8000 liter minyak mentah wonocolo | PT SMG: pada hari Jumat tanggal 26 Agustus 2022 sekira pukul.21.00 Wib,PDF tidak tersedia. Fakta perkara dari PDF 262/PID.SUS/2023/PT SMG (chain). Pasal 55 UU 22/2001 jo. UU 11/2020 Cipta Kerja jo. Pasal 55 ayat (1) ke-1 KUHP.
87,512/Pid.Sus/LH/2022/PN Jmb,PN JAMBI,PN,Pertama,9 Januari 2023,2023,2022,Bersalah,Terbukti turut serta kegiatan usaha hilir tanpa perizinan berusaha yang mengakibatkan kerusakan kesehatan/keselamatan/lingkungan (dakwaan alternatif kesatu); penjara 10 bulan; tetap ditahan.,Solar/HSD (status subsidi tidak disebut),Ya,NA,NA,NA,200,liter,"Barang bukti ±200 liter BBM jenis solar; selebihnya kendaraan tangki, drum, rangka tangki plastik yang terbakar (wadah tidak dihitung).",Overview + data putusan terkait (chain),Tidak ada,NA,C061,Pidana Khusus Pidana Khusus Lingkungan Hidup,putusan terkait (rantai perkara Migas),https://putusan3.mahkamahagung.go.id/direktori/putusan/zaed92ee6a3a750280cd313030303230.html,terbukti secara sah dan meyakinkan bersalah melakukan tindak pidana Turut Serta melakukan kegiatan usaha hilir tanpa perizinan berusaha | pidana penjara selama 10 (sepuluh) bulan | 200 Liter Bahan Bakar Minyak Jenis Solar | (PT JMB) Penyidik sejak tanggal 17 Agustus 2022 sampai dengan tanggal 26 Agustus 2022,Fakta dari PDF 12/PID.SUS-LH/2023/PT JMB. Gudang penyimpanan BBM terbakar (dakwaan kedua Pasal 188 KUHP); Pasal 53 jo. 23A UU 22/2001 jo. UU 11/2020 Cipta Kerja jo. 55 KUHP; terdakwa membantu usaha suami; tahun dari penahanan Agustus 2022.
88,12/PID.SUS-LH/2023/PT JMB,PT JAMBI,PT,Banding,3 Februari 2023,2023,2022,Bersalah,Terima banding Terdakwa dan PU; menguatkan putusan PN Jambi 512/Pid.Sus/LH/2022/PN Jmb (penjara 10 bulan); terdakwa tetap dalam tahanan rumah.,Solar/HSD (status subsidi tidak disebut),Ya,NA,NA,NA,200,liter,"Barang bukti ±200 liter BBM jenis solar; truk tangki, drum dan rangka tangki plastik terbakar tidak dihitung.",PDF putusan,Ada,pdf/12_PID.SUS-LH_2023_PT_JMB.pdf,C061,Pidana Khusus Lingkungan Hidup Pidana Khusus,putusan terkait (rantai perkara Migas),https://putusan3.mahkamahagung.go.id/direktori/putusan/zaeda3a29544bb1c86b2313631303230.html,± 200 liter Bahan Bakar Minyak jenis Solar | Penyidik sejak tanggal 17 Agustus 2022 sampai dengan tanggal 26 Agustus 2022 | telah terjadi kerusakan lingkungan akibat dari penyimpanan bahan bakar minyak yang berada di gudang | Menguatkan putusan Pengadilan Negeri Jambi Nomor 512/Pid.Sus/LH/2022/PN Jmb tanggal 9 Januari 2023,Usaha penyimpanan BBM tanpa perizinan berusaha yang menimbulkan kerusakan lingkungan (gudang terbakar); Pasal 53 jo. 23A UU 22/2001 jo. UU 11/2020 jo. 55 KUHP. Bukti invoice penawaran HSD Solar ke perusahaan (2021) dan nota 2021–2022; tahun dari penahanan Agustus 2022.
89,3595 K/Pid.Sus-LH/2023,MAHKAMAH AGUNG,MA,Kasasi,1 Agustus 2023,2023,2022,Bersalah,Tolak kasasi PU dan Terdakwa; pemidanaan PT Jambi (menguatkan PN: penjara 10 bulan) tetap berlaku; biaya kasasi Rp2.500.,Solar/HSD (status subsidi tidak disebut),Ya,NA,NA,NA,200,liter,Dari putusan terkait: barang bukti ±200 liter BBM jenis solar.,Overview + data putusan terkait (chain),Tidak ada,NA,C061,Pidana Khusus Migas,klasifikasi Migas,https://putusan3.mahkamahagung.go.id/direktori/putusan/zaee98dc9177f1cc9bbe313735323339.html,JPU = TOLAK; TDW = TOLAK | Menolak permohonan kasasi dari Pemohon Kasasi I/PENUNTUT UMUM ... dan Pemohon Kasasi II/ TERDAKWA | (PT JMB) ± 200 liter Bahan Bakar Minyak jenis Solar | (PT JMB) Penyidik sejak tanggal 17 Agustus 2022,Fakta dari PDF 12/PID.SUS-LH/2023/PT JMB dan overview 512/Pid.Sus/LH/2022/PN Jmb (chain). Klasifikasi Migas/Cipta Kerja; berkekuatan hukum tetap; PDF kasasi tidak tersedia.
90,284/PID.B/LH/2023/PT MDN,PT MEDAN,PT,Banding,16 Maret 2023,2023,2022,Bersalah,"Ubah pidana PN Rantauprapat: terbukti turut serta menyalahgunakan pengangkutan/niaga BBM bersubsidi; penjara 2 tahun, denda Rp1.000.000.000 subsider 3 bulan kurungan; ±1.500 liter solar dirampas untuk negara.",Solar/Biosolar (subsidi),Ya,NA,NA,NA,1500,liter,2 baby tank plastik ±1.000 liter berisi BBM subsidi jenis solar ±1.500 liter di mobil pick up L300; dirampas untuk negara.,Overview + data putusan terkait (chain),Tidak ada,NA,C064,Pidana Khusus Pidana Khusus Lingkungan Hidup,putusan terkait (rantai perkara Migas),https://putusan3.mahkamahagung.go.id/direktori/putusan/zaedc3cc6b242d14bf4d313433303235.html,"2 (dua) buah Baby Tank Plastik ... berisi bahan bakar minyak subsidai jenis solar sebanyak kurang lebih 1500 (seribu lima ratus) liter | pidana penjara selama 2 (dua) tahun dan denda sebesar Rp1.000.000.000,00 | buku tulis ... berisi catatan pembelian bahan bakar minyak subsidi jenis solar SPBU",PDF tidak tersedia; tahun kejadian dari 3987 K/Pid.Sus/2023 (tolak kasasi PU). Modus pengangkutan solar subsidi hasil pembelian SPBU dengan pick up; kualifikasi Pasal 55 UU 22/2001 jo. UU Cipta Kerja.
91,3987 K/Pid.Sus/2023,MAHKAMAH AGUNG,MA,Kasasi,15 Agustus 2023,2023,2022,Bersalah,"Tolak kasasi PU; berlaku putusan PT Medan: bersalah turut serta menyalahgunakan pengangkutan/niaga BBM bersubsidi, penjara 2 tahun, denda Rp1.000.000.000 subsider 3 bulan kurungan.",Solar/Biosolar (subsidi),Ya,NA,NA,NA,1500,liter,"±1.500 liter (±1,5 ton) solar subsidi dalam 2 baby tank plastik ±1000 liter di bak pick up; dirampas untuk negara",PDF putusan,Ada,pdf/3987_K_Pid.Sus_2023.pdf,C064,Pidana Khusus Migas,klasifikasi Migas,https://putusan3.mahkamahagung.go.id/direktori/putusan/zaeedd3909514db0a36e313734353533.html,"pada Senin tanggal 29 Agustus 2022 pukul 21.30 WIB, Terdakwa membeli Bahan Bakar Minyak (BBM) jenis solar subsidi | solar subsidi sebanyak lebih kurang 1,5 (satu koma lima) ton atau sekitar 1.500 (seribu lima ratus) liter | Keuntungan yang diperoleh Terdakwa Rp500,00 (lima ratus rupiah) per liter | Menolak permohonan kasasi dari Pemohon Kasasi/PENUNTUT UMUM PADA KEJAKSAAN NEGERI LABUHANBATU",Membeli solar subsidi di SPBU dengan baby tank di pick up untuk dijual kembali (sejak Agustus 2022); Pasal 55 UU 22/2001 jo. UU 11/2020 Cipta Kerja jo. Pasal 55 ayat (1) ke-1 KUHP. Keuntungan terdakwa Rp500/liter. PN: 1 tahun 8 bulan.
92,334/Pid.Sus/2022/PN Sbg,PN SIBOLGA,PN,Pertama,21 Februari 2023,2023,2022,Bersalah,"Terbukti bersama-sama melakukan niaga minyak bumi tanpa izin usaha niaga (dakwaan alternatif ketiga); penjara 5 bulan, denda Rp50.000.000 subsider 1 bulan kurungan; solar 2 jeriken dirampas.",Solar (status subsidi tidak disebut),Ya,360000000,IDR,nilai BBM (disebut dalam putusan 5569 K/Pid.Sus/2023): hasil penjualan langsung barang bukti sekitar 60.000 liter solar senilai Rp360.000.000 (tuntutan PU),60000,liter,Sekitar 60.000 liter (60 ton) solar di 3 palka KM. Cahaya Budi Makmur; terdakwa disebut pemasok 48 ton. Amar juga menyebut barang bukti solar 2 jeriken (volume tidak disebut).,Overview + data putusan terkait (chain),Tidak ada,NA,C065,Pidana Khusus Pidana Khusus Lain-lain,putusan terkait (rantai perkara Migas),https://putusan3.mahkamahagung.go.id/direktori/putusan/zaedb27d0ac70618a2e2313334393233.html,Secara bersama-sama melakukan Niaga Minyak Bumi tanpa Izin Usaha Niaga sebagaimana dalam Dakwaan Alternatif Ketiga | Bahan Bakar Minyak Jenis Solar sebanyak 2 (dua) jerigen/jeriken | 1 (Satu) Bundel Dokumen Asli Kapal KM. CAHAYA BUDI MAKMUR | Chain 5569 K/Pid.Sus/2023: sekitar 60.000 liter solar senilai Rp360000000,"Tidak ada PDF. Tahun kejadian, volume, dan nilai diambil dari baris chain 5569 K/Pid.Sus/2023. Denda tertulis 'Rp50.00.000,00 (limapuluh juta rupiah)'. Banding 411/PID.SUS/2023/PT MDN memperberat penjara menjadi 1 tahun."
93,411/PID.SUS/2023/PT MDN,PT MEDAN,PT,Banding,13 April 2023,2023,2022,Bersalah,"Menerima banding PU dan Terdakwa; mengubah pidana PN Sibolga: bersama-sama niaga minyak bumi tanpa izin usaha niaga; penjara 1 tahun, denda Rp50.000.000 subsider 1 bulan kurungan.",Solar (status subsidi tidak disebut),Ya,360000000,IDR,nilai BBM (disebut dalam putusan 5569 K/Pid.Sus/2023): hasil penjualan langsung barang bukti sekitar 60.000 liter solar senilai Rp360.000.000 (tuntutan PU),60000,liter,Sekitar 60.000 liter (60 ton) solar di 3 palka KM. Cahaya Budi Makmur; terdakwa disebut pemasok 48 ton. Amar juga menyebut barang bukti solar 2 jeriken (volume tidak disebut).,Overview + data putusan terkait (chain),Tidak ada,NA,C065,Pidana Khusus Pidana Khusus Lain-lain,putusan terkait (rantai perkara Migas),https://putusan3.mahkamahagung.go.id/direktori/putusan/zaedd9c73dc9b4e091bb313334383437.html,"Mengubah Putusan Pengadilan Negeri Sibolga Nomor 334/Pid.Sus/2022/PN Sbg ... sekedar mengenai hukuman pidana | pidana penjara selama 1(satu) tahun dan denda sejumlah Rp50.00.000,00(limapuluh juta rupiah) | Chain 5569 K/Pid.Sus/2023: sekitar 60.000 liter solar senilai Rp360000000","Tidak ada PDF. Tahun kejadian, volume, dan nilai diambil dari baris chain 5569 K/Pid.Sus/2023 (kasasi PU dan Terdakwa ditolak). Modus: pemasokan solar ke kapal KM Cahaya Budi Makmur tanpa izin usaha niaga."
94,5569 K/Pid.Sus/2023,MAHKAMAH AGUNG,MA,Kasasi,16 November 2023,2023,2022,Bersalah,"Tolak kasasi PU dan Terdakwa; putusan PT Medan tetap: bersama-sama niaga minyak bumi tanpa izin usaha niaga; penjara 1 tahun, denda Rp50 juta subsider 1 bulan kurungan.",Solar (status subsidi tidak disebut),Ya,360000000,IDR,nilai BBM (disebut dalam putusan): hasil penjualan langsung barang bukti ± 60.000 liter solar senilai Rp360000000 (tuntutan PU),60000,liter,± 60.000 liter (60 ton) solar di 3 palka KM. Cahaya Budi Makmur; Terdakwa disebut pemasok 48 ton; amar PN/PT juga menyebut barang bukti solar 2 jeriken (volume tidak disebut).,PDF putusan,Ada,pdf/5569_K_Pid.Sus_2023.pdf,C065,Pidana Khusus Migas,klasifikasi Migas,https://putusan3.mahkamahagung.go.id/direktori/putusan/zaeedd3f3209c600b999313832393538.html,"pada hari Minggu tanggal 18 September 2022 sekitar pukul 05.00 Wib | pada kapal ditemukan 60 (enam puluh) ton solar dalam 3 (tiga) palka di depan kapal | Bahan Bakar Minyak Jenis Solar ± 60.000 ... liter yang telah dilakukan penjualan langsung senilai Rp360.000.000,00 | Menolak permohonan kasasi dari Pemohon Kasasi I/PENUNTUT UMUM ... dan Pemohon Kasasi II/TERDAKWA","Modus: solar dibeli dari pemasok di Medan (diisi di PT ASSA), dititipkan ke kapal ikan untuk dioper ke KM. Selamat Jadi III di tengah laut; upah Rp1.000/liter. Pasal 53 huruf d UU 22/2001 jo. Pasal 55 KUHP; PU menuntut Pasal 40 angka 9 UU Cipta Kerja."
95,5592 K/Pid.Sus/2023,MAHKAMAH AGUNG,MA,Kasasi,26 Oktober 2023,2023,NA,Bersalah,"Tolak kasasi terdakwa; putusan PT Makassar tetap: bersalah penyimpanan BBM tanpa izin, penjara 6 bulan, denda Rp25.000.000 subsider 2 bulan kurungan.",Solar/Biosolar (subsidi),Ya,NA,NA,NA,1720,liter,"Solar subsidi disita: 26 jeriken × 30 liter + 1 jeriken 20 liter = 800 liter, ditambah 1 tandon berisi 920 liter; 10 jeriken kosong, 4 tandon lain dan drum 200 liter (kapasitas) tidak dijumlahkan",PDF putusan,Ada,pdf/5592_K_Pid.Sus_2023.pdf,C069,Pidana Khusus Migas,klasifikasi Migas,https://putusan3.mahkamahagung.go.id/direktori/putusan/zaef70037832b946bfea313330323437.html,26 (dua puluh enam) jerigen berisi setiap 1 (satu) jerigen berisi 30 liter dan 1 (satu) jerigen berisi 20 liter | 1 (satu) buah tandon berisi bahan bakar minyak (BBM) bersubsidi jenis solar sebanyak 920 liter | terbukti secara sah dan meyakinkan bersalah melakukan tindak pidana Tanpa izin melakukan penyimpanan bahan bakar minyak | Menolak permohonan kasasi dari Pemohon Kasasi/Terdakwa,"Penyimpanan solar subsidi tanpa izin usaha penyimpanan (Pasal 53 huruf c jo. Pasal 23 ayat (2) huruf c UU 22/2001) di Takalar. PN: 8 bulan percobaan, denda Rp10 juta; PT: 6 bulan, denda Rp25 juta. Tahun kejadian tidak disebut (PN putus 16 Maret 2023)."
96,5786 K/Pid.Sus/2023,MAHKAMAH AGUNG,MA,Kasasi,16 November 2023,2023,2020-2022,Bersalah,"[Bersalah (2 terdakwa)] Kabul kasasi PU; batalkan putusan bebas PN Donggala; kedua terdakwa bersalah turut serta menyalahgunakan pengangkutan/niaga BBM bersubsidi; masing-masing penjara 6 bulan, denda Rp10.000.000 subsider 3 bulan.",Solar/Biosolar (subsidi),Ya,3808000,IDR,nilai lelang BBM pro rata (dihitung): hasil lelang Rp4.726.000 untuk 695 liter gabungan beberapa perkara (= Rp6.800/liter) × 560 liter,560,liter,"± 560 liter Bio Solar subsidi dalam 17 jeriken 33 liter ditemukan di rumah (barang bukti, telah dilelang); hasil 8 kali pembelian ± 67 liter di SPBU",PDF putusan,Ada,pdf/5786_K_Pid.Sus_2023.pdf,C070,Pidana Khusus Migas,klasifikasi Migas,https://putusan3.mahkamahagung.go.id/direktori/putusan/zaef70049dec27488085313331313030.html,"Terdakwa I sejak tahun 2020 membeli Bahan Bakar Minyak subsidi jenis Bio Solar di SPBU 74.943.14 Sirenja | 17 (tujuh belas) jerigen ukuran 33 ... liter yang berisikan kurang lebih sebanyak 560 ... liter | total 695 ... liter ... bio solar dengan total hasil lelang Rp4.726.000,00 | Mengabulkan permohonan kasasi ... terbukti secara sah dan meyakinkan bersalah","Penimbunan Bio Solar subsidi: beli berulang dengan truk (nomor polisi/HP palsu di EDC), disedot ke jeriken untuk armada perusahaan; Pasal 55 UU 22/2001 jo. UU 11/2020 jo. Pasal 55 ayat (1) ke-1 KUHP. Ditahan September 2022. Harga beli 67 liter Rp350.000."
97,2530 K/Pid.Sus/2023,MAHKAMAH AGUNG,MA,Kasasi,2 Agustus 2023,2023,2022,Bersalah,Tolak kasasi PU dan terdakwa dengan perbaikan; tetap bersalah menyalahgunakan niaga BBM subsidi; pidana menjadi penjara 6 bulan dengan masa percobaan 1 tahun.,Solar/Biosolar (subsidi),Ya,NA,NA,NA,NA,NA,"Volume solar yang dijual tidak disebut; barang bukti berupa rekening koran, struk pembelian, buku agenda dan unit SPBN",PDF putusan,Ada,pdf/2530_K_Pid.Sus_2023.pdf,C071,Pidana Khusus Migas,klasifikasi Migas,https://putusan3.mahkamahagung.go.id/direktori/putusan/zaef701346bb4e688acb313435353536.html,"menjual BBM jenis solar pada SPBN Tanjung Lalak Selatan dengan harga Rp5.800,00 ... di atas harga yang ditetapkan oleh pemerintah yaitu Rp5.150,00 | rekening koran (print out) Rekening Bank BRI ... periode bulan Januari s/d Maret 2022 | Menolak permohonan kasasi dari Pemohon Kasasi II/PENUNTUT UMUM ... Menolak permohonan kasasi dari Pemohon Kasasi I/Terdakwa | pidana penjara selama 6 (enam) bulan dengan ketentuan pidana tersebut tidak perlu dijalani","Pengelola SPBN penyalur solar nelayan di Kotabaru menjual biosolar subsidi Rp5.800/liter di atas HET Rp5.150 (selisih Rp650/liter), merugikan 902 nelayan. Pasal 55 UU 22/2001 jo. UU 11/2020. PN/PT: 2 bulan + denda Rp50 juta. Tahun kejadian dari periode rekening koran 2022."
98,410/Pid.B/LH/2022/PN Pkb,PN Pangkalan Balai,PN,Pertama,23 Februari 2023,2023,2022,Bersalah,"Terbukti menyalahgunakan pengangkutan dan/atau niaga BBM (dakwaan tunggal); penjara 1 tahun 6 bulan, denda Rp1.000.000.000 subsider 3 bulan kurungan.",Solar/Biosolar (subsidi),Ya,NA,NA,NA,22100,liter,"Batas bawah dari dakwaan dalam putusan PT 57/PID.LH/2023/PT PLG: solar subsidi dikirim pemasok ke gudang Feb-2 Okt 2022 = 15.000 + 2.000 + 2.000 + 1.500 + 1.600 liter; isi tangki sitaan tidak disebut, kapasitas tidak dijumlahkan",Overview + data putusan terkait (chain),Tidak ada,NA,C072,Pidana Khusus Pidana Khusus Lingkungan Hidup,putusan terkait (rantai perkara Migas),https://putusan3.mahkamahagung.go.id/direktori/putusan/zaedee2da188fd72a04d313235323036.html,"catatan_amar: pidana penjara selama 1 tahun dan 6 (enam) bulan dan pidana denda sejumlah Rp 1.000.000.000,00 | PT 57/PID.LH/2023/PT PLG: pada hari Minggu tanggal 02 Oktober 2022 sekira pukul 10.00 WIB | PT: Bulan Juli 2022 sebanyak 3.000 (tiga ribu) Liter; Bulan Agustus 2022 sebanyak 3.000 | 1 (satu) tangki steinless steel kapasitas 5.400 (lima ribu lima ratus) liter berisi BBM Solar","PDF PN tidak tersedia; fakta perkara dari dakwaan dalam 57/PID.LH/2023/PT PLG. Gudang penampungan solar subsidi di Rimba Asam, Betung, Banyuasin. Kasasi 3773 K/Pid.Sus.LH/2023: tolak kasasi PU."
99,57/PID.LH/2023/PT PLG,PT PALEMBANG,PT,Banding,5 April 2023,2023,2022,Bersalah,"Terima banding PU; ubah pidana putusan PN Pangkalan Balai: terbukti menyalahgunakan pengangkutan dan/atau niaga BBM; penjara 2 tahun, denda Rp1.000.000.000 subsider 3 bulan kurungan.",Solar/Biosolar (subsidi),Ya,NA,NA,NA,22100,liter,"Batas bawah: jumlah volume solar subsidi yang disebut dalam dakwaan per pemasok ke gudang (Feb-2 Okt 2022): 15.000 (14.000 Feb-Sep + 1.000 pada 2 Okt) + 2.000 + 2.000 + 1.500 + 1.600 liter; pemasok lain tidak disebut totalnya; isi tangki sitaan (5.400 l dan 10.000 l) tidak disebut, kapasitas tidak dijumlahkan",PDF putusan,Ada,pdf/57_PID.LH_2023_PT_PLG.pdf,C072,Pidana Khusus Lingkungan Hidup Pidana Khusus,putusan terkait (rantai perkara Migas),https://putusan3.mahkamahagung.go.id/direktori/putusan/zaedd37eb3366e0c8677313335343234.html,"pada hari Minggu tanggal 02 Oktober 2022 sekira pukul 10.00 WIB | Bulan Pebruari 2022 sebanyak 1. 000,- ( seribu) Liter ... Bulan September 2022 sebanyak 3.000 (tiga ribu ) Liter | sebanyak 2000 (dua ribu) Liter secara bertahap dengan harga perliternya Rp. 6.800 (enam ribu delapan ratus rupiah) | pidana penjara selama 2 (dua) Tahun dan pidana denda sejumlah Rp 1.000.000.000,00",Terdakwa kepala gudang penampungan solar subsidi (gaji Rp3.000.000/bulan) sejak Feb 2022. Harga Rp6.800/liter hanya untuk satu pemasok sehingga nilai tidak dihitung. Pasal 55 UU 22/2001 jo. Pasal 40 angka 9 UU 11/2020 jo. Pasal 55 KUHP.
100,3773 K/Pid.Sus.LH/2023,MAHKAMAH AGUNG,MA,Kasasi,9 Agustus 2023,2023,2022,Bersalah,"Tolak kasasi PU; berlaku putusan PT Palembang: bersalah menyalahgunakan pengangkutan dan/atau niaga BBM, penjara 2 tahun, denda Rp1.000.000.000 subsider 3 bulan kurungan.",Solar/Biosolar (subsidi),Ya,NA,NA,NA,22100,liter,"Batas bawah dari dakwaan dalam 57/PID.LH/2023/PT PLG: solar subsidi dikirim pemasok ke gudang Feb-2 Okt 2022 = 15.000 (14.000 Feb-Sep + 1.000 pada 2 Okt) + 2.000 + 2.000 + 1.500 + 1.600 liter; pemasok lain tidak disebut totalnya; isi tangki sitaan (5.400 l dan 10.000 l) tidak disebut, kapasitas tidak dijumlahkan",PDF putusan + data putusan terkait (chain),Ada,pdf/3773_K_Pid.Sus.LH_2023.pdf,C072,Pidana Khusus Migas,klasifikasi Migas,https://putusan3.mahkamahagung.go.id/direktori/putusan/zaef701ed0d391eaac3b313631383332.html,"mencatat keluar masuk Bahan Bakar Minyak (BBM) solar subsidi Pemerintah sejak bulan Februari 2022 | Terdakwa tersebut ditangkap pada tanggal 2 Oktober 2022 | PT 57/PID.LH/2023/PT PLG: Bulan Pebruari 2022 sebanyak 1. 000,- ( seribu) Liter ... Bulan September 2022 sebanyak 3.000 (tiga ribu ) Liter | Menolak permohonan kasasi dari Pemohon Kasasi/PENUNTUT UMUM PADA KEJAKSAAN NEGERI BANYUASIN",Kepala gudang penampungan solar subsidi dari SPBU untuk dijual lebih mahal; Pasal 55 UU 22/2001 jo. Pasal 40 angka 9 UU 11/2020 jo. Pasal 55 ayat (1) ke-1 KUHP. PN 1 tahun 6 bulan; PT 2 tahun. Volume dari 57/PID.LH/2023/PT PLG.
101,117/Pid.Sus/2023/PN Unr,PN KAB SEMARANG,PN,Pertama,19 September 2023,2023,2021,Bersalah,"Terbukti turut serta menyalahgunakan pengangkutan dan/atau niaga BBM bersubsidi (dakwaan pertama); penjara 8 bulan, denda Rp30.000.000 subsider 1 bulan kurungan.",Solar/Biosolar (subsidi),Ya,69600000,IDR,selisih harga subsidi × volume (dihitung): (Rp9.500 Dexlite non-subsidi − Rp5.150 biosolar subsidi) × 16.000 liter,16000,liter,16.000 liter biosolar subsidi diperjualbelikan (pesanan/pembayaran 16 KL); saat penggerebekan 30 Maret 2021 truk tangki baru terisi ± 11.000 liter,PDF putusan,Ada,pdf/117_Pid.Sus_2023_PN_Unr.pdf,C073,Pidana Khusus Pidana Khusus Lain-lain,putusan terkait (rantai perkara Migas),https://putusan3.mahkamahagung.go.id/direktori/putusan/zaee58591e5cfaf2b62c313533303237.html,"pada hari Selasa tanggal 30 Maret 2021, sekira pukul 09.00 WIB | dengan harga Rp. 5.150,-/liter (sesuai harga ketetapan Pemerintah) dan dijual kembali sebanyak 16.000 liter ... dengan harga sebesar Rp. 5.700,-/liter | Harga pembelian tersebut jauh dibawah BBM Non Subsidi jenis Dexlite saat itu dengan harga Rp 9.500,-/liter. | truk tangki ... sudah terisi kurang lebih sekitar 11.000 (Sebelas Ribu) liter BBM BIOSOLAR","Terdakwa perantara/marketing; menerima transfer Rp93.600.000, diteruskan Rp92.800.000; keuntungan Rp800.000 (Rp50/liter). Solar dikumpulkan dari SPBU dengan truk modifikasi ke gudang Bawen. Pasal 55 UU 22/2001 jo. Pasal 40 angka 9 UU 11/2020 jo. Pasal 55 KUHP."
102,659/PID.SUS/2023/PT SMG,PT SEMARANG,PT,Banding,25 Oktober 2023,2023,2021,Bersalah,"Terima banding PU; kuatkan putusan PN Ungaran 117/Pid.Sus/2023/PN Unr (penjara 8 bulan, denda Rp30.000.000 subsider 1 bulan kurungan); terdakwa tetap ditahan.",Solar/Biosolar (subsidi),Ya,69600000,IDR,selisih harga subsidi × volume (dihitung): (Rp9.500 Dexlite non-subsidi − Rp5.150 biosolar subsidi) × 16.000 liter; data dari putusan PN 117/Pid.Sus/2023/PN Unr,16000,liter,16.000 liter biosolar subsidi diperjualbelikan; ± 11.000 liter sudah dimuat ke truk tangki saat penggerebekan (menurut putusan PN 117/Pid.Sus/2023/PN Unr),Overview + data putusan terkait (chain),Tidak ada,NA,C073,Pidana Khusus Pidana Khusus Lain-lain,putusan terkait (rantai perkara Migas),https://putusan3.mahkamahagung.go.id/direktori/putusan/zaee72d42db5e794c039303831363532.html,"Menguatkan Putusan Pengadilan Negeri Ungaran Nomor 117/Pid.Sus/2023/PN Unr tanggal 19 September 2023 | PN 117/Pid.Sus/2023/PN Unr: dengan harga Rp. 5.150,-/liter (sesuai harga ketetapan Pemerintah) dan dijual kembali sebanyak 16.000 liter ... dengan harga sebesar Rp. 5.700,-/liter | PN: Harga pembelian tersebut jauh dibawah BBM Non Subsidi jenis Dexlite saat itu dengan harga Rp 9.500,-/liter. | PN: pada hari Selasa tanggal 30 Maret 2021, sekira pukul 09.00 WIB",PDF PT tidak tersedia; fakta perkara dari 117/Pid.Sus/2023/PN Unr. Nilai transaksi Rp93.600.000 ditransfer ke terdakwa. Kasasi 56 K/Pid.Sus/2024: tolak kasasi PU dengan perbaikan (penjara 1 tahun 2 bulan).
103,35/Pid.B/LH/2023/PN Tbn,PN TUBAN,PN,Pertama,17 April 2023,2023,2022,Bersalah,"Terbukti menyalahgunakan pengangkutan dan/atau niaga BBM bersubsidi (dakwaan tunggal); penjara 1 tahun 6 bulan, denda Rp100.000.000 subsider 6 bulan kurungan; solar dan pick up dirampas.",Solar/Biosolar (subsidi),Ya,8976000,IDR,nilai BBM = volume × harga per liter Rp6.800 (dihitung): 1.320 liter × Rp6.800 (harga beli di SPBU menurut dakwaan),1320,liter,Barang bukti dirampas: 4 drum kecil (60 liter) berisi total 240 liter + 6 drum besar (180 liter) berisi total 1.080 liter solar. Dakwaan menyebut 1.440 liter (dengan 6 drum kecil 360 liter); 600 liter terjual pada hari pertama seharga Rp4.500.000 (tidak termasuk).,Overview + PDF putusan terkait (chain),Tidak ada,NA,C074,Pidana Khusus Pidana Khusus Lingkungan Hidup,putusan terkait (rantai perkara Migas),https://putusan3.mahkamahagung.go.id/direktori/putusan/zaedf2fcdab90b86b660313534353333.html,"PT: pada tanggal 15 September 2022 ... bertempat di sebuah rumah yang terletak di Desa Minohorejo, Kecamatan Widang | PT: membeli solar dari SPBU ... dengan harga Rp. 6.800 ... per liter, yang kemudian dijual kembali dengan harga Rp. 7.500 | 4 (empat) drum kecil ... sebanyak 240 ... liter; 6 (enam) drum besar ... sebanyak 1080 ... liter | terbukti secara sah dan meyakinkan bersalah melakukan tindak pidana Penyalahgunaan Pengangkutan Dan / Atau Niaga Bahan Bakar Minyak Yang Disubsidi Pemerintah","Tidak ada PDF. Fakta diambil dari PDF 588/PID.SUS-LH/2023/PT SBY (dakwaan, barang bukti). Modus: solar subsidi dibeli di SPBU dengan 9 surat rekomendasi desa, diangkut motor, ditimbun untuk dijual di atas HET. Kasasi 4506 K/Pid.Sus-LH/2023 ditolak."
104,588/PID.SUS-LH/2023/PT SBY,PT SURABAYA,PT,Banding,14 Juni 2023,2023,2022,Bersalah,"Menerima banding Terdakwa dan PU; menguatkan putusan PN Tuban (penjara 1 tahun 6 bulan, denda Rp100.000.000 subsider 6 bulan kurungan; barang bukti solar dirampas); biaya banding Rp2.500.",Solar/Biosolar (subsidi),Ya,8976000,IDR,nilai BBM = volume × harga per liter Rp6.800 (dihitung): 1.320 liter × Rp6.800 (harga beli di SPBU menurut dakwaan),1320,liter,Barang bukti dirampas: 4 drum kecil (60 liter) berisi total 240 liter + 6 drum besar (180 liter) berisi total 1.080 liter solar. Dakwaan menyebut 1.440 liter (dengan 6 drum kecil 360 liter); 600 liter terjual pada hari pertama seharga Rp4.500.000 (tidak termasuk).,PDF putusan,Ada,pdf/588_PID.SUS-LH_2023_PT_SBY.pdf,C074,Pidana Khusus Pidana Khusus Lingkungan Hidup,putusan terkait (rantai perkara Migas),https://putusan3.mahkamahagung.go.id/direktori/putusan/zaee0a5834c6b2289a3b303930373235.html,"pada tanggal 15 September 2022 atau setidak-tidaknya dalam kurun waktu bulan September 2022 | Terdakwa membeli solar dari SPBU ... dengan harga Rp. 6.800 ... per liter, yang kemudian dijual kembali dengan harga Rp. 7.500 | 4 (empat) drum kecil ... sebanyak 240 ... liter; 6 (enam) drum besar ... sebanyak 1080 ... liter | Menguatkan Putusan Pengadilan Negeri Tuban Nomor 35 / Pid B - LH / 2023 / PN Tbn tanggal 17 April 2023","Modus: solar subsidi dibeli di SPBU Gesing dengan 9 surat rekomendasi warga, diangkut motor rengkek, ditimbun di rumah sewaan untuk dijual Rp7.500/liter. Pasal 55 UU 22/2001 jo. Pasal 40 angka 9 UU 11/2020. Kasasi 4506 K/Pid.Sus-LH/2023 ditolak."
105,4506 K/Pid.Sus-LH/2023,MAHKAMAH AGUNG,MA,Kasasi,5 Oktober 2023,2023,2022,Bersalah,"Tolak kasasi Terdakwa; putusan PN Tuban dikuatkan PT Surabaya tetap: penjara 1 tahun 6 bulan, denda Rp100.000.000 subsider 6 bulan kurungan; solar dan pick up dirampas.",Solar/Biosolar (subsidi),Ya,8976000,IDR,nilai BBM = volume × harga per liter Rp6.800 (dihitung): 1.320 liter × Rp6.800 (harga beli di SPBU menurut dakwaan),1320,liter,Barang bukti dirampas: 4 drum kecil (60 liter) berisi total 240 liter + 6 drum besar (180 liter) berisi total 1.080 liter solar. Dakwaan menyebut 1.440 liter (dengan 6 drum kecil 360 liter); 600 liter terjual pada hari pertama seharga Rp4.500.000 (tidak termasuk).,PDF putusan + data putusan terkait (chain),Ada,pdf/4506_K_Pid.Sus-LH_2023.pdf,C074,Pidana Khusus Migas,klasifikasi Migas,https://putusan3.mahkamahagung.go.id/direktori/putusan/zaef716e484bc63e9e3c303831393534.html,PT 588/PID.SUS-LH/2023/PT SBY: pada tanggal 15 September 2022 atau setidak-tidaknya dalam kurun waktu bulan September 2022 | 4 (empat) drum kecil ... total solar ... 240 (dua ratus empat puluh) liter; 6 (enam) drum besar ... 1.080 (seribu delapan puluh) liter | PT: Terdakwa membeli solar dari SPBU ... dengan harga Rp. 6.800 (enam ribu delapan ratus rupiah) per liter | Menolak permohonan kasasi dari Pemohon Kasasi/Terdakwa,"Membeli solar subsidi berulang di SPBU lewat saksi bermotor memakai surat izin desa untuk solar petani, lalu dijual lebih mahal (Rp7.500/liter). Pasal 55 UU 22/2001 jo. Pasal 40 angka 9 UU 11/2020. Tahun kejadian, harga dan nilai dari 588/PID.SUS-LH/2023/PT SBY."
106,333/Pid.Sus/2022/PN Sbg,PN SIBOLGA,PN,Pertama,14 Februari 2023,2023,2022,Tidak bersalah,"[Tidak bersalah (3 terdakwa)] Ketiga terdakwa terbukti melakukan perbuatan dakwaan alternatif kesatu, tetapi bukan tindak pidana; dilepaskan dari segala tuntutan hukum, dibebaskan dari tahanan, hak dipulihkan; biaya perkara ditanggung negara.",Solar/Biosolar (subsidi),Ya,360000000,IDR,nilai BBM (disebut dalam putusan): hasil penjualan langsung barang bukti solar ±60.000 liter senilai Rp360.000.000 (dari putusan MA 4814 K/Pid.Sus/2023),60000,liter,Menurut 4814 K/Pid.Sus/2023: solar ±60.000 liter (60 ton) di palka KM Cahaya Budi Makmur. Amar overview PN hanya menyebut sampel solar 2 jeriken; uang tunai Rp960.000 juga disita.,Overview + data putusan terkait (chain),Tidak ada,NA,C076,Pidana Khusus Pidana Khusus Lain-lain,putusan terkait (rantai perkara Migas),https://putusan3.mahkamahagung.go.id/direktori/putusan/zaedacda7c4777f89a1f303934333130.html,terbukti melakukan perbuatan yang didakwakan dalam surat dakwaan alternatif kesatu tetapi bukan merupakan tindak pidana | Melepaskan Para Terdakwa oleh karena itu dari segala tuntutan hukum | Bahan Bakar Minyak Jenis Solar sebanyak 2 (dua) jerigen/jeriken | Chain 4814 K/Pid.Sus/2023: barang bukti solar ± 60.000 liter senilai Rp360.000.000,"PDF PN tidak tersedia. Putusan lepas (onslag) ini kemudian dibatalkan MA 4814 K/Pid.Sus/2023, yang menyatakan para terdakwa bersalah. Fakta tahun, jenis, dan volume diambil dari 4814 K/Pid.Sus/2023. Modus: angkutan/niaga solar subsidi dengan kapal KM Cahaya Budi Makmur."
107,4814 K/Pid.Sus/2023,MAHKAMAH AGUNG,MA,Kasasi,13 September 2023,2023,2022,Bersalah,"[Bersalah (3 terdakwa)] Kabul kasasi PU, batalkan putusan lepas PN Sibolga; terbukti turut serta menyalahgunakan pengangkutan/niaga BBM bersubsidi; tiap terdakwa penjara 1 tahun, denda Rp1 miliar subsider 2 bulan.",Solar/Biosolar (subsidi),Ya,360000000,IDR,nilai BBM (disebut dalam putusan): hasil penjualan langsung barang bukti solar ± 60.000 liter senilai Rp360.000.000,60000,liter,Barang bukti solar ± 60.000 liter (60 ton) di tiga palka depan KM Cahaya Budi Makmur; fakta hukum juga menyebut 48 ton milik pihak lain dan 30 ton milik pemilik kapal (angka tidak konsisten),PDF putusan,Ada,pdf/4814_K_Pid.Sus_2023.pdf,C076,Pidana Khusus Migas,klasifikasi Migas,https://putusan3.mahkamahagung.go.id/direktori/putusan/zaef762df5054b348363303932323032.html,"Bahan Bakar Minyak jenis Solar ± 60.000 (enam puluh ribu) liter yang telah dilakukan penjualan langsung senilai Rp360.000.000,00 | pada hari Minggu, tanggal 18 September 2022 pada pukul 05.00 WIB tepatnya di ½ mil dari Pulau Poncan Perairan Sibolga | Bahwa BBM Solar adalah termasuk kategori BBM bersubsidi | Mengabulkan permohonan kasasi dari Pemohon Kasasi/PENUNTUT UMUM pada KEJAKSAAN NEGERI SIBOLGA tersebut",Pengangkutan solar subsidi dengan kapal ikan untuk dipindahkan ke kapal lain di tengah laut; Pasal 40 angka 9 UU 11/2020 Cipta Kerja jo. Pasal 55 KUHP. Pemilik BBM membayar titipan Rp1.000/liter (Rp48 juta); terdakwa (KKM/ABK) diupah Rp130.000/hari.
108,336/Pid.Sus/2022/PN Sbg,PN SIBOLGA,PN,Pertama,14 Februari 2023,2023,2022,Tidak bersalah,Terbukti melakukan perbuatan dakwaan alternatif pertama tetapi bukan tindak pidana; terdakwa dilepaskan dari segala tuntutan hukum (onslag) dan dibebaskan dari tahanan; biaya perkara negara.,Solar/Biosolar (subsidi),Ya,360000000,IDR,nilai BBM (disebut dalam putusan): hasil penjualan langsung barang bukti solar ±60.000 liter senilai Rp360.000.000 (data putusan MA 3221 K/Pid.Sus/2023),60000,liter,±60000 liter (60 ton) solar di 3 palka KM Cahaya Budi Makmur; fakta juga menyebut 48 ton titipan pemasok dan 30 ton milik pemilik kapal (data MA 3221 K/Pid.Sus/2023); amar PN menyebut sisa barang bukti 2 jerigen solar,Overview + data putusan terkait (chain),Tidak ada,NA,C077,Pidana Khusus Pidana Khusus Lain-lain,putusan terkait (rantai perkara Migas),https://putusan3.mahkamahagung.go.id/direktori/putusan/zaedacda7b1a7f9cbdc5303934333038.html,terbukti melakukan perbuatan yang didakwakan dalam surat dakwaan alternatif pertama tetapi bukan merupakan tindak pidana | Melepaskan Terdakwa oleh karena itu dari segala tuntutan hukum | Bahan Bakar Minyak Jenis Solar sebanyak 2 (dua) jerigen/jeriken | 1 (satu) lembar sales invoice PT. Agung Sumatera Samudera Abadi tanggal 31 Agustus 2022,"PDF PN tidak tersedia; fakta perkara dari baris terverifikasi putusan MA 3221 K/Pid.Sus/2023 (kabul kasasi PU; terdakwa dinyatakan bersalah, penjara 5 bulan, denda Rp500 juta). Pengangkutan/niaga solar subsidi dengan KM Cahaya Budi Makmur."
109,3221 K/Pid.Sus/2023,MAHKAMAH AGUNG,MA,Kasasi,9 Agustus 2023,2023,2022,Bersalah,"Kabul kasasi PU, batalkan putusan lepas PN Sibolga; mengadili sendiri: bersalah turut serta menyalahgunakan pengangkutan/niaga BBM bersubsidi, penjara 5 bulan, denda Rp500.000.000 subsider 1 bulan kurungan.",Solar/Biosolar (subsidi),Ya,360000000,IDR,nilai BBM (disebut dalam putusan): hasil penjualan langsung barang bukti solar ±60.000 liter senilai Rp360.000.000,60000,liter,±60.000 liter (60 ton) solar di 3 palka KM Cahaya Budi Makmur; fakta juga menyebut 48 ton titipan pemasok dan 30 ton milik pemilik kapal,PDF putusan,Ada,pdf/3221_K_Pid.Sus_2023.pdf,C077,Pidana Khusus Migas,klasifikasi Migas,https://putusan3.mahkamahagung.go.id/direktori/putusan/zaefd89515aa29da8321313434373039.html,"pada hari Minggu, tanggal 18 September 2022 sekitar pukul 05.00 WIB tepatnya berada ½ (setengah) mil dari Pulau Poncan | Bahan Bakar Minyak Jenis Solar kurang lebih 60.000 (enam puluh ribu) liter yang telah dilakukan penjualan langsung senilai Rp360.000.000,00 | Mengabulkan permohonan kasasi dari Pemohon Kasasi/PENUNTUT UMUM PADA KEJAKSAAN NEGERI SIBOLGA | pidana penjara selama 5 (lima) bulan dan pidana denda sebesar Rp500.000.000,00","Pengangkutan solar dengan kapal ikan (terdakwa nahkoda) untuk diserahkan ke kapal lain di tengah laut; Pasal 40 angka 9 UU 11/2020 jo. Pasal 55 ayat (1) ke-1 KUHP. PN melepaskan (onslag), MA membatalkan. Pemasok membayar pemilik kapal Rp1.000/liter (Rp48.000.000)."
110,72/Pid.Sus/2023/PN Rbg,PN REMBANG,PN,Pertama,6 September 2023,2023,2023,Bersalah,"Terbukti penyalahgunaan BBM bersubsidi (Pasal 55 UU 22/2001 jo. UU 11/2020); penjara 1 tahun, denda Rp5.000.000 subsider 2 bulan kurungan; barang bukti dipakai dalam perkara lain.",Solar/Biosolar (subsidi),Ya,6000000,IDR,selisih harga subsidi × volume (dihitung): (Rp9.800 harga solar non-subsidi/industri yang dibayar pemilik kapal − Rp6.800 harga Bio Solar subsidi SPDN) × 2.000 liter,2000,liter,"2.000 liter (2 KL) Bio Solar subsidi dalam 2 drum pinguin: sekitar 950 liter sudah diisikan ke KM Putra Usaha 01 GT 106, sekitar 50 liter tersisa di drum, dan sekitar 1.000 liter di drum lain. Menurut terdakwa jumlahnya 60 jeriken × 32 liter = 1.920 liter. 10.000 liter solar non-subsidi dari PT Rizqi Abadi Hartata bukan objek perkara. Barang bukti dalam amar: 1.000 + 50 + sekitar 794,936 liter.",PDF putusan,Ada,pdf/72_Pid.Sus_2023_PN_Rbg.pdf,C078,Pidana Khusus Pidana Khusus Lain-lain,putusan terkait (rantai perkara Migas),https://putusan3.mahkamahagung.go.id/direktori/putusan/zaee4d19daa8b0acbe69303735393533.html,"pada hari Jumat tanggal 12 Mei 2023 sekira pukul 17.00 Wib ... di Dermaga TPI Pelabuhan Tasik Agung Rembang | BBM Subsidi dari pemerintah sebanyak 2000 liter ... harga BBM Bio Solar adalah Rp. 6800,- ... per liter | Saksi membeli BBM jenis solar non subsisdi dari Terdakwa dengan harga sebesar Rp. 9.800,-/liter | terbukti secara sah dan meyakinkan bersalah melakukan tindak pidana Penyalahgunaan Bahan Bakar Minyak",Modus: solar subsidi untuk kapal ≤30 GT dicampurkan ke pesanan 12.000 liter solar industri untuk kapal 106 GT senilai Rp117.000.000 (tidak dipakai sebagai nilai objek). Keuntungan terdakwa Rp3.456.000. Dikuatkan 639/PID.SUS/2023/PT SMG.
111,639/PID.SUS/2023/PT SMG,PT SEMARANG,PT,Banding,18 Oktober 2023,2023,2023,Bersalah,"Menerima banding PU; menguatkan putusan PN Rembang 72/Pid.Sus/2023/PN Rbg (penjara 1 tahun, denda Rp5.000.000 subsider 2 bulan kurungan); terdakwa tetap ditahan; biaya banding Rp5.000.",Solar/Biosolar (subsidi),Ya,6000000,IDR,selisih harga subsidi × volume (dihitung): (Rp9.800 harga jual sebagai solar non-subsidi − Rp6.800 harga Bio Solar subsidi SPDN) × 2.000 liter,2000,liter,"2.000 liter (2 KL) Bio Solar subsidi dalam 2 drum pinguin: sekitar 950 liter sudah diisikan ke KM Putra Usaha 01 GT 106, sekitar 50 liter tersisa di drum, dan 1 drum lain masih di dermaga. 10.000 liter solar non-subsidi dari PT Riski Abadi Hartata bukan objek perkara.",PDF putusan,Ada,pdf/639_PID.SUS_2023_PT_SMG.pdf,C078,Pidana Khusus Pidana Khusus Lain-lain,putusan terkait (rantai perkara Migas),https://putusan3.mahkamahagung.go.id/direktori/putusan/zaee6d73099a5cf29e33313135383534.html,"pada hari Jumat tanggal 12 Mei 2023 sekira pukul 17.00 Wib | BBM Subsidi dari pemerintah sebanyak 2000 liter ... harga BBM Bio Solar adalah Rp. 6800,- ... per liter | menjual kembali kepada ... perwakilan pemilik kapal KM. PUTRA USAHA GT 106 sebesar Rp. 9800,- (Sembilan ribu delapan ratus) per liter | Menguatkan putusan Putusan Pengadilan Rembang Nomor 72/Pid.Sus/2023/PN Rbg","PU banding karena pidana dinilai terlalu ringan (tuntutan 1 tahun 9 bulan, denda Rp10.000.000); PT menilai pidana PN sudah tepat. Modus: 2.000 L solar subsidi diisikan ke kapal 106 GT sebagai bagian pesanan 12.000 L non-subsidi. Pasal 55 UU 22/2001."
112,123/Pid.Sus/2022/PN Lbo,PN LIMBOTO,PN,Pertama,28 Februari 2023,2023,2021-2022,Bersalah,"Bersalah penyalahgunaan niaga BBM bersubsidi; penjara 3 bulan 14 hari, denda Rp1.000.000 subsider 1 bulan kurungan; solar dirampas negara; mobil dikembalikan; tangki rakitan dirusak.",Solar/Biosolar (subsidi),Ya,20883250,IDR,nilai BBM = volume × harga per liter Rp5150 (dihitung): 4.055 liter × Rp5.150 (harga beli terdakwa di SPBU Timuato) = Rp20.883.250,4055,liter,Dihitung dari ukuran wadah berisi solar: 83 galon × 35 liter (2.905) + 2 galon × 25 liter (50) + 1 tong/tandon 1.100 liter = 4.055 liter (diasumsikan penuh; volume aktual tidak disebut). Drum kosong tidak dihitung.,Overview + PDF putusan terkait (chain),Ada,pdf/123_Pid.Sus_2022_PN_Lbo.pdf,C079,Pidana Khusus Pidana Khusus Lain-lain,putusan terkait (rantai perkara Migas),https://putusan3.mahkamahagung.go.id/direktori/putusan/zaedfb7f2594e87ab9f2313133383232.html,"sejak Desember 2021 sampai dengan Maret 2022 ... Terdakwa telah melakukan kegiatan menampung dan menjual bahan bakar minyak jenis Biosolar bersubsidi | 83 (delapan puluh tiga) galon berukuran 35 (tiga puluh lima) liter berisi BBM jenis solar | membeli BBM jenis/solar di SPBU Timuato dengan harga Rp5.150,00 ... per liter | pidana penjara selama 3 (tiga) bulan dan 14 (empat belas) hari dan pidana denda sejumlah Rp1.000.000,0000","Berkas PDF record ini berisi salinan putusan kasasi 4520 K/Pid.Sus/2023 (memuat amar PN, sesuai overview). Fakta kasasi sekali menyebut galon 53 liter (diduga salah ketik; amar 35 liter). Pasal 55 UU 22/2001 jo. UU Cipta Kerja; untung Rp1.350/liter."
113,21/PID.SUS/2023/PT GTO,PT GORONTALO,PT,Banding,13 April 2023,2023,2021-2022,Bersalah,"Terima banding PU; ubah pidana PN Limboto: bersalah penyalahgunaan niaga BBM bersubsidi; penjara 4 bulan, denda Rp1.000.000 subsider 1 bulan kurungan; solar dirampas negara; tangki rakitan dirusak.",Solar/Biosolar (subsidi),Ya,20883250,IDR,nilai BBM = volume × harga per liter Rp5150 (dihitung): 4.055 liter × Rp5.150 (harga beli terdakwa di SPBU Timuato) = Rp20.883.250,4055,liter,Dihitung dari ukuran wadah berisi solar: 83 galon × 35 liter (2.905) + 2 galon × 25 liter (50) + 1 tong/tandon 1.100 liter = 4.055 liter (diasumsikan penuh; volume aktual tidak disebut). Drum kosong tidak dihitung.,PDF putusan + data putusan terkait (chain),Ada,pdf/21_PID.SUS_2023_PT_GTO.pdf,C079,Pidana Khusus Pidana Khusus Lain-lain,putusan terkait (rantai perkara Migas),https://putusan3.mahkamahagung.go.id/direktori/putusan/zaedd9d2a3b31d5485c8313531303233.html,"83 (delapan puluh tiga) galon ukuran 35 (tiga puluh lima) liter yang berisikan BBM jenis solar bersubsidi | 1 (satu) tandon air warna hitam ukuran 1100 liter yang berisikan BBM jenis solar | BBM yang Terdakwa beli dengan harga Rp.5.150,- ... per liter Terdakwa jual ... antara Rp.6000,- ... sampai Rp.6.500,- | pada hari Senin tanggal 07 Maret 2022 sekitar pukul 10.30 Wita",Modus: mobil Isuzu Panther bertangki rakitan (±180 liter sekali antre) membeli biosolar di SPBU lalu dijual; untung Rp850–1.350/liter. Pasal 55 UU 22/2001 jo. UU Cipta Kerja. Kegiatan sejak Desember 2021 menurut fakta kasasi 4520 K/Pid.Sus/2023 (chain).
114,4520 K/Pid.Sus/2023,MAHKAMAH AGUNG,MA,Kasasi,13 September 2023,2023,2021-2022,Bersalah,"Tolak kasasi PU dengan perbaikan: mobil Isuzu Panther beserta STNKB dirampas untuk negara; pidana PT tetap: penjara 4 bulan, denda Rp1.000.000 subsider 1 bulan kurungan.",Solar/Biosolar (subsidi),Ya,20883250,IDR,nilai BBM = volume × harga per liter Rp5150 (dihitung): 4.055 liter × Rp5.150 (harga beli terdakwa di SPBU Timuato) = Rp20.883.250,4055,liter,Dihitung dari ukuran wadah berisi solar: 83 galon × 35 liter (2.905) + 2 galon × 25 liter (50) + 1 tong/tandon 1.100 liter = 4.055 liter (diasumsikan penuh; volume aktual tidak disebut). Drum kosong tidak dihitung.,Overview + PDF putusan terkait (chain),Tidak ada,NA,C079,Pidana Khusus,putusan terkait (rantai perkara Migas),https://putusan3.mahkamahagung.go.id/direktori/putusan/zaee98c2011aba34c037313434323330.html,"Menolak permohonan kasasi dari Pemohon Kasasi/PENUNTUT UMUM | semula dikembalikan kepada pemiliknya ... menjadi dirampas untuk Negara | sejak Desember 2021 sampai dengan Maret 2022 | keuntungan selisihnya yakni sebesar Rp1.350,00 ... per liter","Record tanpa txt_path, tetapi teks lengkap putusan ini ada dalam berkas PDF 123/Pid.Sus/2022/PN Lbo (chain). PU minta penjara 7 bulan dan denda Rp1 miliar; ditolak. Mobil dirampas berdasarkan Pasal 58 UU 22/2001."
115,87/Pid.Sus/2024/PN Cjr,PN CIANJUR,PN,Pertama,30 April 2024,2024,NA,Bersalah,"Tiga terdakwa terbukti turut serta menyalahgunakan pengangkutan/niaga BBM subsidi (dakwaan tunggal); penjara masing-masing 4 bulan, denda Rp2.000.000 subsider 1 bulan kurungan.",Pertalite,Ya,NA,NA,NA,1018,liter,Barang bukti: 29 jerigen (35 liter) masing-masing berisi 34 liter Pertalite (986 liter) + 1 jerigen berisi 32 liter = 1.018 liter (dihitung dari amar),Overview direktori,Tidak ada,NA,C066,Pidana Khusus Migas,klasifikasi Migas,https://putusan3.mahkamahagung.go.id/direktori/putusan/zaef10f41146290cade8313334333131.html,"29 (Dua Puluh Sembilan) Jerigen berukuran 35 (Tiga puluh lima), masing- masing berisi 34 (Tiga Puluh Empat) Litter BBM Bersubsidi Jenis Pertalite | 1 (Satu) Jerigen, berukuran 35 (Tiga Puluh Lima) berisi 32 (Tiga Puluh dua) Litter BBM Bersubsidi Jenis Pertalite | telah terbukti secara sah dan meyakinkan bersalah melakukan Tindak Pidana Turut serta menyalahgunakan pengangkutan dan/atau niaga bahan bakar minyak yang disubsidi",PDF tidak tersedia; tahun kejadian tidak disebut di overview. Modus pengangkutan Pertalite subsidi dalam jerigen dengan mobil Mitsubishi Colt T120SS dan mesin penyedot BBM. Harga per liter tidak disebut.
116,163/Pid.Sus/2024/PN Cjr,PN CIANJUR,PN,Pertama,3 Juli 2024,2024,NA,Bersalah,"Terbukti menyalahgunakan pengangkutan dan niaga BBM bersubsidi (dakwaan tunggal); penjara 7 bulan, denda Rp2.000.000 subsider 1 bulan penjara; Pertalite dirampas untuk negara.",Pertalite,Ya,NA,NA,NA,60,liter,"Barang bukti Pertalite: 2 jeriken berisi 35 liter + 1 jeriken 10 liter + 2 galon 10 liter + 6 jeriken 5 liter = 60 liter (angka dibaca sebagai isi per kelompok; bila per wadah bisa sampai 130 liter, PDF tidak tersedia).",Overview direktori,Tidak ada,NA,C067,Pidana Khusus Migas,klasifikasi Migas,https://putusan3.mahkamahagung.go.id/direktori/putusan/zaef48a0dc6149bc9910313030383430.html,"terbukti secara sah dan meyakinkan bersalah melakukan tindak pidana menyalahgunakan pengangkutan dan niaga bahan bakar minyak yang disubsidi pemerintah | pidana penjara selama 7 (tujuh) bulan dan pidana denda sebesar Rp2.000.000,00 | 2 (dua) jerigen yang berisikan 35 (tiga puluh lima) liter (bahan bakar minyak bersubsidi) jenis Pertalite | 1 jirigen berisikan 10 liter; 2 galon berisikan BBM 10 liter; 6 jerigen berisikan 5 liter jenis Pertalite","Modus: pengangkutan/niaga Pertalite bersubsidi dalam jeriken dan galon dengan mobil Suzuki Carry, alat sedot selang. Pasal tidak disebut di overview; PDF tidak tersedia sehingga tahun kejadian tidak dapat dipastikan."
117,56 K/Pid.Sus/2024,MAHKAMAH AGUNG,MA,Kasasi,21 Februari 2024,2024,2021,Bersalah,"Tolak kasasi PU dengan perbaikan pidana; turut serta menyalahgunakan pengangkutan/niaga BBM subsidi; penjara 1 tahun 2 bulan, denda Rp30.000.000 subsider 3 bulan kurungan.",Solar/Biosolar (subsidi),Ya,69600000,IDR,selisih harga subsidi × volume (dihitung): (Rp9.500 Dexlite non-subsidi − Rp5.150 biosolar subsidi) × 16.000 liter; harga Dexlite dari putusan PN 117/Pid.Sus/2023/PN Unr,16000,liter,"16.000 liter biosolar subsidi diperjualbelikan (dibayar 27 Maret 2021, 'solar 16 KL'); saat penggerebekan 30 Maret 2021 truk tangki baru terisi ± 11.000 liter (menurut putusan PN 117/Pid.Sus/2023/PN Unr)",PDF putusan + data putusan terkait (chain),Ada,pdf/56_K_Pid.Sus_2024.pdf,C073,Pidana Khusus Migas,klasifikasi Migas,https://putusan3.mahkamahagung.go.id/direktori/putusan/zaef70b8542cfb96a652313033373236.html,"tanggal 27 Maret 2021 telah menjual Bahan Bakar Minyak (BBM) jenis biosolar sejumlah 16.000 (enam belas ribu) liter | dengan harga Rp5.150,00 (lima ribu seratus lima puluh rupiah) per liter (sesuai harga ketetapan Pemerintah) | PN 117/Pid.Sus/2023/PN Unr: Harga pembelian tersebut jauh dibawah BBM Non Subsidi jenis Dexlite saat itu dengan harga Rp 9.500,-/liter. | pidana penjara selama 1 (satu) tahun 2 (dua) bulan dan pidana denda sebesar Rp30.000.000,00","Biosolar subsidi dibeli sopir truk berkempu modifikasi di SPBU Kab. Semarang, ditimbun di gudang, dijual terorganisir; terdakwa perantara pembayaran (transfer Rp93.600.000), keuntungan Rp800.000. Harga Dexlite dari PN 117/Pid.Sus/2023/PN Unr. Pasal 55 UU 22/2001 jo. Pasal 40 angka 9 UU 11/2020."
118,1304 K/Pid.Sus/2024,MAHKAMAH AGUNG,MA,Kasasi,16 April 2024,2024,2023,Bersalah,"Menolak kasasi PU; putusan PN Rembang jo. PT Semarang tetap: terbukti penyalahgunaan BBM, penjara 1 tahun, denda Rp5.000.000 subsider 2 bulan kurungan.",Solar/Biosolar (subsidi),Ya,6000000,IDR,"selisih harga subsidi × volume (dihitung): (Rp9.800 harga jual sebagai solar non-subsidi − Rp6.800 harga Bio Solar subsidi SPDN, dari 72/Pid.Sus/2023/PN Rbg) × 2.000 liter",2000,liter,"2.000 liter (2 KL) solar subsidi, dibeli terdakwa Rp8.000/liter lalu dijual seolah non-subsidi Rp9.800/liter untuk KM Putra Usaha 01 GT 106. Jumlah ini bagian dari pesanan 12.000 liter (Rp117.000.000); 10.000 liter sisanya solar non-subsidi yang dibeli dari PT Rizqi Abadi Hartata, bukan objek perkara.",PDF putusan + data putusan terkait (chain),Ada,pdf/1304_K_Pid.Sus_2024.pdf,C078,Pidana Khusus Migas,klasifikasi Migas,https://putusan3.mahkamahagung.go.id/direktori/putusan/zaf0364472c061909081323030363435.html,"pada hari Jumat tanggal 12 Mei 2023 pukul 17.00 WIB di Dermaga TPI Pelabuhan Tasik Agung Rembang | sisanya sebanyak 2.000 (dua ribu) liter Terdakwa beli BBM jenis Solar Subsidi ... kemudian dijual ... dengan harga sebesar Rp9.800,00 (sembilan ribu delapan ratus)/liter | (PN Rbg) BBM Subsidi dari pemerintah sebanyak 2000 liter ... harga BBM Bio Solar adalah Rp. 6800,- ... per liter | Menolak permohonan kasasi dari Pemohon Kasasi/Penuntut Umum pada Kejaksaan Negeri Rembang tersebut",Objek pidana: 2.000 L solar subsidi dijual sebagai non-subsidi ke kapal 106 GT; MA tidak menemukan fakta berbeda. Harga subsidi Rp6.800 dari 72/Pid.Sus/2023/PN Rbg. Keuntungan Rp3.456.000. Pasal 55 UU 22/2001 jo. UU 11/2020. Menurut PDF diputus 16 Februari 2024.
119,1272 PK/Pid.Sus/2024,MAHKAMAH AGUNG,MA,Peninjauan Kembali,6 September 2024,2024,2021-2022,Bersalah,"Tolak PK Terpidana; putusan kasasi 4520 K/Pid.Sus/2023 tetap: bersalah penyalahgunaan niaga BBM bersubsidi, penjara 4 bulan, denda Rp1.000.000 subsider 1 bulan; mobil dirampas negara.",Solar/Biosolar (subsidi),Ya,20883250,IDR,nilai BBM = volume × harga per liter Rp5150 (dihitung): 4.055 liter × Rp5.150 (harga beli terdakwa di SPBU Timuato) = Rp20.883.250,4055,liter,Dihitung dari ukuran wadah berisi solar: 83 galon × 35 liter (2.905) + 2 galon × 25 liter (50) + 1 tong/tandon 1.100 liter = 4.055 liter (diasumsikan penuh; volume aktual tidak disebut). Drum kosong tidak dihitung.,PDF putusan + data putusan terkait (chain),Ada,pdf/1272_PK_Pid.Sus_2024.pdf,C079,Pidana Khusus Migas,klasifikasi Migas,https://putusan3.mahkamahagung.go.id/direktori/putusan/zaf03760e0ffbb8eb3c9303630323437.html,"83 (delapan puluh tiga) galon berukuran 35 (tiga puluh lima) liter berisi BBM jenis solar | 1 (satu) tong warna hitam berukuran 1.100 (seribu seratus) liter berisi BBM jenis solar | Menolak permohonan peninjauan kembali dari Pemohon Peninjauan Kembali/Terpidana | (4520 K/Pid.Sus/2023) sejak Desember 2021 sampai dengan Maret 2022 ...; membeli BBM jenis/solar di SPBU Timuato dengan harga Rp5.150,00 ... per liter",PK atas perampasan mobil bertangki rakitan (Pasal 58 UU 22/2001) ditolak; Pasal 55 UU 22/2001 jo. UU 11/2020 Cipta Kerja. Tahun kejadian dan harga beli diambil dari 4520 K/Pid.Sus/2023 dan 21/PID.SUS/2023/PT GTO (chain); untung Rp1.350/liter.
120,43-K/PM.II-11/AD/IX/2025,DILMIL II 11 YOGYAKARTA,Pengadilan Militer,Pertama,30 Oktober 2025,2025,2024-2025,Bersalah,"Terbukti bersalah menyalahgunakan pengangkutan dan niaga BBM bersubsidi secara bersama-sama; penjara 9 bulan, denda Rp1.000.000.000 subsider kurungan 1 bulan; 2 mobil dirampas untuk negara; terdakwa ditahan.",Pertalite,Ya,3630000,IDR,nilai BBM (disebut dalam putusan): total pembelian 363 liter Pertalite senilai Rp3.630.000 (363 liter x Rp10.000/liter harga beli SPBU),363,liter,"363 liter Pertalite dalam 11 jeriken @33 liter, dibeli di 2 SPBU dan disita saat penangkapan 16 Januari 2024 (8 jeriken kosong tidak dihitung); uang Rp8.000.000 sebenarnya disiapkan untuk 20 jeriken (660 liter).",PDF putusan,Ada,pdf/43-K_PM.II-11_AD_IX_2025.pdf,C080,Pidana Khusus Migas,klasifikasi Migas,https://putusan3.mahkamahagung.go.id/direktori/putusan/zaf0daf4369a3aa6a2d4303935383037.html,"dalam kurun waktu tanggal lima belas bulan Januari tahun 2000 dua puluh empat sampai dengan bulan April tahun 2000 dua puluh lima | total pembelian sebanyak 363 (tiga ratus enam puluh tiga) liter yang dimuat dalam 11 (sebelas) jerigen senilai Rp3.630.000,00 | harga BBM subsidi jenis Pertalite yang dibeli dari SPBU per liternya sejumlah Rp10.000,00 | terbukti secara sah dan meyakinkan bersalah ... Pidana Penjara: Selama 9 (sembilan) bulan ... Pidana Denda: Sejumlah Rp1.000.000.000,00","Terdakwa anggota TNI AD, pemodal usaha jual beli Pertalite ilegal sejak 2019; mobil modifikasi berisi jeriken, barcode MyPertamina tak sesuai; dijual Rp11.000-12.000/liter; penghasilan bersih ±Rp9 juta/bulan. Pasal 55 UU 22/2001 jo. UU 6/2023 jo. Pasal 55(1) ke-1 KUHP."
121,1/Pid.S/2026/PN Bgl,PN Bengkulu,PN,Pertama,26 Februari 2026,2026,NA,Bersalah,Terbukti Pasal 55 UU 22/2001 jo. Pasal 40 angka 9 UU 6/2023 (acara pemeriksaan singkat); pidana denda Rp5.000.000 subsider 10 hari penjara; pertalite 200 L dirampas negara.,Pertalite,Ya,1950000,IDR,"nilai BBM (disebut dalam putusan, via tabulasi tim): hasil lelang barang bukti pertalite ±200 L Rp1,95 juta (angka dibulatkan tim), dirampas untuk negara",200,liter,"BB: 5 jerigen × 35 L + 1 jerigen 25 L (±200 L) pertalite, dilelang Rp1,95 juta dan dirampas negara. Volume ini juga mewakili perkara 2/Pid.S/2026/PN Bgl (BB identik), dicatat sekali di sini.","Tabulasi tim (tabulasi kebocoran bbm subsidi_v3.xlsx), dari PDF putusan",NA,NA,X001,NA,Tabulasi tim (tabulasi kebocoran bbm subsidi_v3.xlsx),NA,"Dasar Angka Volume: 'BB: 5 jerigen x 35 L + 1 jerigen 25 L (±200 L) pertalite' | Lokasi / Tgl Kejadian: 'Kota Bengkulu (lokasi kejadian tidak tercantum)' | Vonis: 'Denda Rp5 jt, subsider 10 hari penjara' | Barang Bukti Utama: 'Pertalite 200 L (dilelang Rp1,95 jt, dirampas negara)'","Klasifikasi kebocoran: Diversion (utama), tanpa sekunder. Modus: pertalite ditampung ke jerigen memakai 20+ kartu barcode pengisian berbagai nopol (rincian terbatas; berkas hanya BA sidang). Provinsi Bengkulu; 1 terdakwa. Tahun kejadian tidak tercantum. Tim tidak menghitung estimasi nilai (harga beli tidak ada); nilai uang memakai hasil lelang BB."
122,2/Pid.S/2026/PN Bgl,PN Bengkulu,PN,Pertama,26 Februari 2026,2026,NA,Bersalah,Terbukti Pasal 55 UU 22/2001 jo. Pasal 40 angka 9 UU 6/2023 (acara pemeriksaan singkat); pidana denda Rp5.000.000 subsider 10 hari penjara.,Pertalite,Ya,NA,NA,NA,NA,NA,Tidak dihitung: barang bukti identik dengan perkara 1/Pid.S/2026/PN Bgl (±200 L pertalite); volume dicatat sekali di baris xlsx-1 (1/Pid.S/2026/PN Bgl) agar tidak dobel.,"Tabulasi tim (tabulasi kebocoran bbm subsidi_v3.xlsx), dari PDF putusan",NA,NA,X002,NA,Tabulasi tim (tabulasi kebocoran bbm subsidi_v3.xlsx),NA,"Dasar Angka Volume: 'Tidak dihitung: BB identik dengan perkara 1/Pid.S/2026 (±200 L) agar tidak dobel' | Lokasi / Tgl Kejadian: 'Kota Bengkulu (lokasi kejadian tidak tercantum)' | Vonis: 'Denda Rp5 jt, subsider 10 hari penjara'","Klasifikasi kebocoran: Diversion (utama), tanpa sekunder. Modus sama dengan 1/Pid.S/2026/PN Bgl (jerigen pertalite, selang, kartu barcode). Provinsi Bengkulu; 1 terdakwa. Nilai uang juga tidak diulang (hasil lelang BB Rp1,95 juta dicatat di xlsx-1). Catatan tim: footer dokumen tertulis 'BA Nomor 1/Pid.S/2026/PN Bgl' (kemungkinan salah ketik); nomor perkara mengikuti nama file."
123,101/Pid.Sus/2026/PN Plk,PN Palangka Raya,PN,Pertama,16 Juli 2026,2026,2026,Bersalah,"[Bersalah (2 terdakwa)] Terbukti Pasal 55 UU 22/2001 jo. UU 6/2023 jo. UU 1/2026 jo. Pasal 20 huruf c (pemeriksaan singkat, pengakuan bersalah); penjara masing-masing 4 bulan.",Pertalite,Ya,4800000,IDR,"nilai BBM = volume × harga beli per liter Rp10.000 (dihitung oleh tim, tabulasi xlsx): 480 L × Rp10.000",480,liter,Dakwaan: 400 L + 80 L dibeli pada hari kejadian; BB disita 15 jerigen × 33 L ≈ 495 L.,"Tabulasi tim (tabulasi kebocoran bbm subsidi_v3.xlsx), dari PDF putusan",NA,NA,X003,NA,Tabulasi tim (tabulasi kebocoran bbm subsidi_v3.xlsx),NA,"Lokasi / Tgl Kejadian: 'SPBU 63.731.01 Banturung, Bukit Batu, Palangka Raya; 8 Apr 2026' | Dasar Angka Volume: 'Dakwaan: 400 L + 80 L dibeli hari itu (BB disita 15 jerigen x 33 L ≈ 495 L)' | Vonis: 'Penjara 4 bulan masing-masing'","Klasifikasi kebocoran: Diversion (utama), tanpa sekunder. Modus: pengisian pertalite berulang di satu SPBU memakai banyak barcode MyPertamina (sebagian 'disewakan'), ditampung ke jerigen 33 L dengan pick-up. Provinsi Kalimantan Tengah; 2 terdakwa. BA tertulis 101/Pid.B/2026, penetapan 101/Pid.Sus/2026."
124,113/Pid.Sus-LH/2026/PN Amb,PN Ambon,PN,Pertama,14 September 2026,2026,2026,Bersalah,"Terbukti turut serta, Pasal 55 UU 22/2001 jo. UU 6/2023 (dakwaan alternatif kedua); penjara 2 tahun 10 bulan, denda Rp25.000.000 subsider 25 hari kurungan.","Minyak tanah; Solar/Biosolar (subsidi, sebagian dioplos minyak tanah); Pertalite",Ya,NA,NA,NA,NA,NA,"Tidak dihitung: volume kelompok Ambon (113, 114, 115/PN Amb) dicatat sekali di 115/Pid.Sus-LH/2026/PN Amb (pelaku utama), ±2.240 L (minyak tanah ±1.200 L, solar oplosan ±900 L, solar ±70 L, pertalite ±70 L). BB perkara ini: 6 drum minyak tanah, 5 drum solar oplosan.","Tabulasi tim (tabulasi kebocoran bbm subsidi_v3.xlsx), dari PDF putusan",NA,NA,X004,NA,Tabulasi tim (tabulasi kebocoran bbm subsidi_v3.xlsx),NA,Dasar Angka Volume: 'Tidak dihitung: volume kelompok Ambon dicatat di 115/Pid.Sus-LH/2026/PN Amb (pelaku utama)' | Lokasi / Tgl Kejadian: 'Kios di Ambon (Galala/Hatukau/Losari)' (tanpa tanggal) | Lokasi / Tgl Kejadian 114 dan 115/PN Amb (satu operasi): 'Kios di Ambon ...; Apr 2026' | Vonis: 'Penjara 2 th 10 bln + denda Rp25 jt (subsider 25 hari kurungan)',"Klasifikasi kebocoran: Adulteration (utama), Diversion (sekunder). Modus: penimbunan minyak tanah subsidi, solar dioplos minyak tanah 5:1, pertalite di-'tap' dari tangki mobil, dijual ke kapal asal Pulau Seram dan eceran (solar oplosan Rp11.000/L); terdakwa diupah per antaran. Provinsi Maluku; 1 terdakwa. Tahun kejadian diambil dari perkara satu operasi 114 dan 115/PN Amb (Apr 2026); baris tim untuk berkas ini tanpa tanggal."
125,130/Pid.Sus/2026/PN Smp,PN Sumenep,PN,Pertama,21 September 2026,2026,2025,Bersalah,[Bersalah (3 terdakwa)] Terbukti Pasal 55 UU 22/2001 jo. Pasal 40 angka 9 UU 6/2023; penjara masing-masing 6 bulan; HP berisi tangkapan layar barcode dirampas.,Solar/Biosolar (subsidi); Pertalite,Ya,8344000,IDR,"nilai BBM = volume × harga beli per liter Rp7.000 (dihitung oleh tim, tabulasi xlsx): 1.192 L × Rp7.000; Rp7.000 = harga beli pengepul (di atas HET solar Rp6.800); tim memakai harga yang sama untuk pertalite 442 L karena harga pertalite tidak dirinci di tabulasi",1192,liter,BB: solar 25 jerigen × 30 L = 750 L + pertalite 13 jerigen × 34 L = 442 L; pertamax 68 L tidak dihitung karena non-subsidi.,"Tabulasi tim (tabulasi kebocoran bbm subsidi_v3.xlsx), dari PDF putusan",NA,NA,X005,NA,Tabulasi tim (tabulasi kebocoran bbm subsidi_v3.xlsx),NA,"Lokasi / Tgl Kejadian: 'SPBU 5469401 Jl. Trunojoyo, Kolor, Sumenep; 3 Okt 2025' | Dasar Angka Volume: 'solar 25 jerigen x 30 L = 750 L + pertalite 13 jerigen x 34 L = 442 L' | Vonis: 'Penjara 6 bulan masing-masing' | Barang Bukti Utama: 'Pick-up L300 berisi jerigen BBM; HP berisi 39 SS barcode solar & 36 SS barcode pertalite (dirampas)'","Klasifikasi kebocoran: Supply-chain leakage (utama), Diversion (sekunder). Modus: operator/karyawan SPBU menjual stok solar dan pertalite dalam jerigen ke pengepul (berkas terpisah); upah Rp10.000/jerigen. Provinsi Jawa Timur; 3 terdakwa. Catatan tim: peran terdakwa II-III tidak dapat dikonfirmasi dari hasil ekstraksi."
126,137/Pid.Sus/2026/PN Mrb,PN Muara Bungo,PN,Pertama,24 September 2026,2026,2026,Bersalah,"[Bersalah (2 terdakwa)] Terbukti Pasal 55 UU 22/2001 jo. UU 6/2023; satu terdakwa penjara 1 tahun 10 bulan + denda Rp20 juta, terdakwa lain 1 tahun 5 bulan + denda Rp10 juta.",Solar/Biosolar (subsidi),Ya,846736,IDR,"nilai BBM = volume × harga beli per liter Rp6.800 (dihitung): 124,52 L × Rp6.800 (estimasi tim memakai volume dibulatkan 125 L = Rp850.000)",124.52,liter,"Hasil ukur BB: 67,52 L (3 jerigen) + 57 L (tangki) = 124,52 L (tim membulatkan menjadi 125 L); pengisian sebelumnya ±90 L tidak dihitung.","Tabulasi tim (tabulasi kebocoran bbm subsidi_v3.xlsx), dari PDF putusan",NA,NA,X006,NA,Tabulasi tim (tabulasi kebocoran bbm subsidi_v3.xlsx),NA,"Lokasi / Tgl Kejadian: 'SPBU 24.372.62 Lubuk Landai, Tanah Sepenggal Lintas, Muaro Bungo; 8 Apr 2026' | Dasar Angka Volume: 'Hasil ukur BB: 67,52 L (3 jerigen) + 57 L (tangki) = 124,52 L' | Vonis: satu terdakwa '1 th 10 bln + denda Rp20 jt', lainnya '1 th 5 bln + denda Rp10 jt'","Klasifikasi kebocoran: Diversion (utama), Supply-chain leakage (sekunder). Modus: pelangsir mengisi solar berulang dengan barcode tidak sesuai kendaraan, difasilitasi operator SPBU, lalu dijual ke sopir batubara (Rp10.000-15.000/L). Provinsi Jambi; 2 terdakwa. Uji Lemigas: solar memenuhi spesifikasi."
127,15/Pid.Sus/2026/PN Rtg,PN Ruteng,PN,Pertama,10 Juni 2026,2026,2024,Bersalah,[Bersalah (3 terdakwa)] Terbukti Pasal 55 UU 22/2001 jo. UU 6/2023 jo. Pasal 20 huruf c (mekanisme pengakuan bersalah); penjara masing-masing 6 bulan.,Solar/Biosolar (subsidi),Ya,17136000,IDR,"nilai BBM = volume × harga beli per liter Rp6.800 (dihitung oleh tim, tabulasi xlsx): 2.520 L × Rp6.800",2520,liter,BB: 49 jerigen × ±30 L (±1.470 L) + 35 jerigen × ±30 L (±1.050 L) = ±2.520 L solar.,"Tabulasi tim (tabulasi kebocoran bbm subsidi_v3.xlsx), dari PDF putusan",NA,NA,X007,NA,Tabulasi tim (tabulasi kebocoran bbm subsidi_v3.xlsx),NA,"Lokasi / Tgl Kejadian: 'Rumah terdakwa I, Labe, Langke Rembong, Manggarai; 31 Okt 2024' | Dasar Angka Volume: 'BB: 49 jerigen x ±30 L (±1.470 L) + 35 jerigen x ±30 L (±1.050 L)' | Vonis: 'Penjara 6 bulan masing-masing'","Klasifikasi kebocoran: Diversion (utama), tanpa sekunder. Modus: solar subsidi dibeli di SPBU dengan jerigen/kendaraan lalu dijual ke pemilik proyek swasta (berkas terpisah 14/Pid.Sus/2026/PN Rtg); untung Rp2.850/L. Provinsi Nusa Tenggara Timur; 3 terdakwa. Kejadian 2024, diputus 2026."
128,22/Pid.Sus/2026/PN Wns,PN Watansoppeng,PN,Pertama,2 September 2026,2026,2026,Bersalah,Terbukti Pasal 55 UU 22/2001 jo. Pasal 40 angka 9 UU 6/2023; pidana penjara 5 bulan.,Pertalite,Ya,1144000,IDR,"nilai BBM (disebut dalam putusan, via tabulasi tim): hasil lelang barang bukti pertalite ±104,4 L Rp1.144.000; estimasi tim volume × harga beli Rp10.000 = Rp1.044.000",104.4,liter,"BB yang dilelang ±104,4 L (hasil lelang Rp1.144.000); jerigen BB: 6 × 35 L, 2 × 20 L, 8 × 5 L.","Tabulasi tim (tabulasi kebocoran bbm subsidi_v3.xlsx), dari PDF putusan",NA,NA,X008,NA,Tabulasi tim (tabulasi kebocoran bbm subsidi_v3.xlsx),NA,"Lokasi / Tgl Kejadian: 'Jl. Kayangan, Lalabata Rilau, Soppeng; 24 Apr 2026' | Dasar Angka Volume: 'BB yang dilelang ±104,4 L (Rp1.144.000)' | Vonis: 'Penjara 5 bulan'","Klasifikasi kebocoran: Diversion (utama), tanpa sekunder. Modus: mengisi pertalite berulang dengan 3 mobil (±40 L/mobil), dikuras ke jerigen, dijual eceran dalam botol di kios bengkel; untung ±Rp40.000/hari. Provinsi Sulawesi Selatan; 1 terdakwa. Hakim menyebut kerugian keuangan negara tanpa nominal."
129,29/Pid.Sus/2026/PN Ffk,PN Fakfak,PN,Pertama,14 Juli 2026,2026,2024,Bersalah,Terbukti Pasal 55 UU 22/2001 jo. UU 6/2023 jo. Pasal 20 huruf c; pidana penjara 4 bulan.,Pertalite,Ya,4000000,IDR,"nilai lelang BBM pro rata (dihitung): hasil lelang BB pertalite 315,28 L Rp3.152.800 (= Rp10.000/L) × 400 L; harga beli tidak tercantum (harga jual ±Rp12.000/L)",400,liter,"2 drum × ±200 L terjual; BB disita 315,28 L (hasil lelang Rp3.152.800). Hubungan BB disita dengan 2 drum terjual tidak dirinci di tabulasi tim.","Tabulasi tim (tabulasi kebocoran bbm subsidi_v3.xlsx), dari PDF putusan",NA,NA,X009,NA,Tabulasi tim (tabulasi kebocoran bbm subsidi_v3.xlsx),NA,"Lokasi / Tgl Kejadian: 'SPBU Bomberay (SP3 Onimjaya), Fakfak; 24 Okt 2024' | Dasar Angka Volume: '2 drum x ±200 L terjual (BB disita 315,28 L; hasil lelang Rp3.152.800)' | Vonis: 'Penjara 4 bulan' | Keuntungan: 'Jual Rp2,4-2,5 jt per drum 200 L (±Rp12.000-12.500/L)'","Klasifikasi kebocoran: Diversion (utama), tanpa sekunder. Modus: pertalite diisi ke tangki rakitan 200 L di pick-up, dipindah ke drum, dijual melalui oknum TNI aktif (koneksitas, berkas terpisah) ke pemilik perahu; jual ±Rp12.000/L. Provinsi Papua Barat; 1 terdakwa. Harga beli tidak tercantum; nilai uang memakai harga lelang BB per liter."
130,53/Pid.Sus/2026/PN Ktb,PN Kotabaru,PN,Pertama,20 Mei 2026,2026,2025,Bersalah,[Bersalah (3 terdakwa)] Terbukti Pasal 55 UU 22/2001 jo. Pasal 40 angka 9 UU 6/2023; pidana penjara masing-masing 3 bulan.,Solar/Biosolar (subsidi),Ya,97468000,IDR,"nilai BBM = volume × harga beli per liter Rp11.800 (dihitung oleh tim, tabulasi xlsx): 8.260 L × Rp11.800; Rp11.800 = harga beli terdakwa dari pemasok (kredit)",8260,liter,BB: 4.970 L + 3.290 L Bio Solar di 2 truk tangki.,"Tabulasi tim (tabulasi kebocoran bbm subsidi_v3.xlsx), dari PDF putusan",NA,NA,X010,NA,Tabulasi tim (tabulasi kebocoran bbm subsidi_v3.xlsx),NA,"Lokasi / Tgl Kejadian: 'Pelabuhan Feri Stagen, Pulau Laut Utara, Kotabaru; 21-22 Okt 2025' | Dasar Angka Volume: 'BB: 4.970 L + 3.290 L Bio Solar di 2 truk tangki' | Vonis: 'Penjara 3 bulan masing-masing'","Klasifikasi kebocoran: Diversion (utama), Supply-chain leakage (sekunder). Modus: bio solar dari SPBN dan jatah nelayan dijual berjenjang lalu diangkut truk tangki ke lokasi pendulangan emas Mantewe, Tanah Bumbu; karyawan SPBN terlibat; margin Rp400/L. Provinsi Kalimantan Selatan; 3 terdakwa. Vonis relatif ringan untuk volume besar."
131,182/Pid.Sus/2026/PN Tpg,PN Tanjung Pinang,PN,Pertama,29 September 2026,2026,2026,Bersalah,"Terbukti Pasal 55 UU 22/2001 jo. Pasal 40 angka 9 UU 6/2023; penjara 2 tahun, denda Rp100.000.000 subsider 60 hari penjara.",Solar/Biosolar (subsidi),Ya,7480000,IDR,"nilai BBM = volume × harga beli per liter Rp6.800 (dihitung oleh tim, tabulasi xlsx): 1.100 L × Rp6.800",1100,liter,5 drum × 220 L diambil 10 Apr 2026; kuota rekomendasi 1.540 L/bulan (7 rekomendasi × 220 L) tidak dihitung.,"Tabulasi tim (tabulasi kebocoran bbm subsidi_v3.xlsx), dari PDF putusan",NA,NA,X011,NA,Tabulasi tim (tabulasi kebocoran bbm subsidi_v3.xlsx),NA,"Lokasi / Tgl Kejadian: 'Warung/bengkel Teluk Sebong, Bintan; ditangkap 2 Mei 2026' | Dasar Angka Volume: '5 drum x 220 L diambil 10 Apr 2026' | Vonis: 'Penjara 2 th + denda Rp100 jt (subsider 60 hari penjara)'","Klasifikasi kebocoran: Diversion (utama), tanpa sekunder. Modus: surat rekomendasi solar nelayan (Dinas Perikanan Bintan) dipakai menebus solar subsidi di APMS, dijual ke nelayan, warga, dan pembeli lain (Rp7.800-12.000/L). Provinsi Kepulauan Riau; 1 terdakwa. Menurut tim praktik aktif sejak 2021."
132,55/Pid.Sus/2026/PN Pwr,PN Purworejo,PN,Pertama,20 Juli 2026,2026,2026,Bersalah,"Terbukti dakwaan alternatif pertama, Pasal 55 UU 22/2001 jo. Pasal 40 angka 9 UU 6/2023; pidana penjara 6 bulan.",Pertalite,Ya,1200000,IDR,"nilai BBM (disebut dalam putusan, via tabulasi tim): pembelian ±120 L pertalite senilai Rp1.200.000 (= Rp10.000/L)",120,liter,Pembelian ±120 L pertalite senilai Rp1.200.000.,"Tabulasi tim (tabulasi kebocoran bbm subsidi_v3.xlsx), dari PDF putusan",NA,NA,X012,NA,Tabulasi tim (tabulasi kebocoran bbm subsidi_v3.xlsx),NA,"Lokasi / Tgl Kejadian: 'Jl. Purworejo-Magelang Km 5, Loano; 14 Apr 2026' | Dasar Angka Volume: 'Pembelian ±120 L senilai Rp1.200.000' | Vonis: 'Penjara 6 bulan'","Klasifikasi kebocoran: Diversion (utama), tanpa sekunder. Modus: pembelian pertalite berulang di SPBU memakai pelat nomor palsu (dibeli Rp300.000) pada mobil APV, dijual ke pengecer dan pom mini; untung Rp1.000/L. Provinsi Jawa Tengah; 1 terdakwa."
133,93/Pid.Sus/2026/PN Sit,PN Situbondo,PN,Pertama,Agustus 2026 (tanggal musyawarah 11 Agustus 2026; tanggal pembacaan tidak terbaca),2026,2026,Bersalah,Terbukti Pasal 55 UU 22/2001 jo. Pasal 40 angka 9 UU 6/2023; pidana penjara 1 tahun.,Pertalite,Ya,1800000,IDR,"nilai BBM = volume × harga beli per liter Rp10.000 (dihitung oleh tim, tabulasi xlsx): 180 L × Rp10.000",180,liter,6 jerigen × 30 L pertalite di bagasi mobil.,"Tabulasi tim (tabulasi kebocoran bbm subsidi_v3.xlsx), dari PDF putusan",NA,NA,X013,NA,Tabulasi tim (tabulasi kebocoran bbm subsidi_v3.xlsx),NA,"Tgl Putusan: 'Agu 2026 (musyawarah 11 Agu 2026)' | Lokasi / Tgl Kejadian: 'SPBU 54.683.13 Landangan, Situbondo; 14 Apr 2026' | Dasar Angka Volume: '6 jerigen x 30 L di bagasi' | Vonis: 'Penjara 1 tahun'","Klasifikasi kebocoran: Diversion (utama), tanpa sekunder. Modus: sedan dimodifikasi, saluran tangki tersambung ke jerigen di bagasi; barcode dipakai berulang di SPBU; untung kotor Rp90.000. Provinsi Jawa Timur; 1 terdakwa. Catatan tim: tanggal pembacaan putusan terpotong; hanya tanggal musyawarah hakim terbaca."
134,271/Pid.Sus/2026/PN Byw,PN Banyuwangi,PN,Pertama,7 September 2026,2026,2026,Bersalah,Terbukti Pasal 55 UU 22/2001 jo. UU 6/2023 jo. UU 1/2026 jo. Pasal 20 huruf c; pidana penjara 1 tahun (tuntutan 1 tahun 6 bulan).,Solar/Biosolar (subsidi),Ya,2856000,IDR,"nilai BBM = volume × harga beli per liter Rp6.800 (dihitung oleh tim, tabulasi xlsx): 420 L × Rp6.800",420,liter,Dakwaan: 5 kali pengisian oleh 2 orang = 420 L; BB disita 21 jerigen ±600 L.,"Tabulasi tim (tabulasi kebocoran bbm subsidi_v3.xlsx), dari PDF putusan",NA,NA,X014,NA,Tabulasi tim (tabulasi kebocoran bbm subsidi_v3.xlsx),NA,"Lokasi / Tgl Kejadian: 'SPBU Gombol, Singojuruh, Banyuwangi; 7 Apr 2026' | Dasar Angka Volume: 'Dakwaan: 5 kali pengisian oleh 2 orang = 420 L (BB disita 21 jerigen ±600 L)' | Vonis: 'Penjara 1 tahun (tuntutan 1 th 6 bln)'","Klasifikasi kebocoran: Diversion (utama), tanpa sekunder. Modus: solar dibeli di SPBU memakai QR MyPertamina (40 foto barcode di HP) berkali-kali, ditampung jerigen besi 40 L, dijual untuk ekskavator tambang; untung Rp1.700/L. Provinsi Jawa Timur; 1 terdakwa; rekan dituntut terpisah."
135,549/Pid.Sus-LH/2026/PN Btm,PN Batam,PN,Pertama,16 September 2026,2026,2026,Bersalah,Terbukti Pasal 55 UU 22/2001 jo. Pasal 40 angka 9 UU 6/2023; pidana penjara 8 bulan.,Pertalite,Ya,6930000,IDR,"nilai BBM = volume × harga beli per liter Rp10.000 (dihitung oleh tim, tabulasi xlsx): 693 L × Rp10.000",693,liter,21 jerigen × 33 L pada hari kejadian; BB disita 363 L; pembelian sebelumnya 19 jerigen (627 L) tidak dihitung.,"Tabulasi tim (tabulasi kebocoran bbm subsidi_v3.xlsx), dari PDF putusan",NA,NA,X015,NA,Tabulasi tim (tabulasi kebocoran bbm subsidi_v3.xlsx),NA,"Lokasi / Tgl Kejadian: 'SPBU 13.294.705 Tanjung Riau, Sekupang, Batam; 12 Apr 2026' | Dasar Angka Volume: '21 jerigen x 33 L pada hari kejadian (BB disita 363 L; sebelumnya 19 jerigen/627 L)' | Modus: 'berlangsung sejak Jan 2025' | Vonis: 'Penjara 8 bulan'","Klasifikasi kebocoran: Diversion (utama), tanpa sekunder. Modus: surat kuasa pengisian BBM bersubsidi dari perusahaan pelayaran rakyat dipakai membeli pertalite dengan jerigen 33 L, dijual eceran di pinggir jalan; berlangsung sejak Jan 2025; untung ±Rp600/L. Provinsi Kepulauan Riau; 1 terdakwa."
136,209/Pid.Sus/2026/PN Mpw,PN Mempawah,PN,Pertama,10 Agustus 2026,2026,2025,Bersalah,Terbukti Pasal 55 UU 22/2001 jo. Pasal 40 angka 9 UU 6/2023; pidana penjara 6 bulan.,Solar/Biosolar (subsidi),Ya,5775000,IDR,"nilai BBM (disebut dalam putusan, via tabulasi tim): pembayaran pembelian 525 L solar dari pemasok Rp5.775.000 (= Rp11.000/L)",525,liter,"15 jerigen, volume bersih 525 L dari dua kali pengambilan (pembayaran Rp5.775.000).","Tabulasi tim (tabulasi kebocoran bbm subsidi_v3.xlsx), dari PDF putusan",NA,NA,X016,NA,Tabulasi tim (tabulasi kebocoran bbm subsidi_v3.xlsx),NA,"Lokasi / Tgl Kejadian: 'Jl. raya Desa Kecurit, Toho, Mempawah; 30 Agu-1 Sep 2025' | Dasar Angka Volume: '15 jerigen, volume bersih 525 L (pembayaran Rp5.775.000)' | Vonis: 'Penjara 6 bulan'","Klasifikasi kebocoran: Diversion (utama), tanpa sekunder. Modus: solar dibeli dari pemasok dua kali dengan mobil dan 15 jerigen, dijual di kios depan rumah ke kelompok tani dan sopir truk di atas HET; untung bersih ±Rp500.000. Provinsi Kalimantan Barat; 1 terdakwa. Kendaraan terdaftar atas nama BUMN konstruksi."
137,245/Pid.Sus/2026/PN Trg,PN Tenggarong,PN,Pertama,31 Agustus 2026 (perkiraan; dari tanggal sidang terakhir yang terbaca),2026,2026,Bersalah,Terbukti Pasal 55 UU 22/2001 jo. Pasal 40 angka 9 UU 6/2023; pidana penjara 8 bulan.,Solar/Biosolar (subsidi); Dexlite,Ya,8160000,IDR,nilai BBM = volume × harga jual per liter Rp12.000 (dihitung; harga beli tidak tercantum di tabulasi tim): 680 L × Rp12.000; termasuk ±180 L campuran bio solar-Dexlite,680,liter,"Dakwaan ±680 L; BB: 24 jerigen bio solar ±480 L (hasil takar 536,16 L), 9 jerigen campuran bio solar-Dexlite ±180 L, ±20 L lain.","Tabulasi tim (tabulasi kebocoran bbm subsidi_v3.xlsx), dari PDF putusan",NA,NA,X017,NA,Tabulasi tim (tabulasi kebocoran bbm subsidi_v3.xlsx),NA,"Harga Jual /L: 12000; Keuntungan: 'Rp500/L' (Harga Beli /L tidak tercantum) | Lokasi / Tgl Kejadian: 'Jl. Soekarno-Hatta, Loa Janan, Kutai Kartanegara; 6-8 Apr 2026' | Dasar Angka Volume: 'Dakwaan ±680 L; BB: 24 jerigen bio solar ±480 L, 9 jerigen campuran ±180 L, ±20 L lain' | Vonis: 'Penjara 8 bulan'","Klasifikasi kebocoran: Diversion (utama), Adulteration (sekunder). Modus: bio solar dikumpulkan dari truk box dan pengecer, ditampung jerigen 20 L, sebagian dicampur Dexlite, dijual di Km 14 Loa Janan; untung Rp500/L. Provinsi Kalimantan Timur; 1 terdakwa. Tanggal putusan perkiraan tim. Tim tidak menghitung estimasi nilai (harga beli tidak ada); nilai uang memakai harga jual."
138,251/Pid.Sus-LH/2026/PN Plw,PN Pelalawan,PN,Pertama,22 September 2026,2026,2026,Bersalah,"Terbukti turut serta, Pasal 55 UU 22/2001 jo. Pasal 40 angka 9 UU 6/2023; penjara 6 bulan dan denda Rp10.000.000.",Pertalite,Ya,NA,NA,NA,108,liter,Sedotan 3 jerigen: 34 + 35 + 39 L = 108 L.,"Tabulasi tim (tabulasi kebocoran bbm subsidi_v3.xlsx), dari PDF putusan",NA,NA,X018,NA,Tabulasi tim (tabulasi kebocoran bbm subsidi_v3.xlsx),NA,"Lokasi / Tgl Kejadian: 'SPBU 16.283.045 Segati, Langgam, Pelalawan; 28 Apr 2026' | Dasar Angka Volume: 'Sedotan 3 jerigen: 34 + 35 + 39 L' | Vonis: 'Penjara 6 bulan + denda Rp10 jt'","Klasifikasi kebocoran: Diversion (utama), tanpa sekunder. Modus 'langsir': isi full-tank berulang di SPBU lalu BBM disedot dari tangki mobil ke jerigen; rekan diproses terpisah. Provinsi Riau; 1 terdakwa. Dakwaan menyebut kuota langsir ±8 ton/bulan pada operasi serupa. Nilai uang NA (harga tidak tercantum)."
139,256/Pid.Sus-LH/2025/PN Pmn,PN Pariaman,PN,Pertama,"12 Januari 2026 (dokumen tertulis 2025, kemungkinan salah ketik)",2026,2024,Bersalah,"Terbukti Pasal 55 UU 22/2001 jo. Pasal 40 angka 9 UU 6/2023; penjara 3 bulan, denda Rp5.000.000 subsider 5 hari penjara.",Pertalite,Ya,2412000,IDR,nilai BBM = volume × harga jual per liter Rp12.000 (dihitung; harga beli tidak tercantum di tabulasi tim): 201 L × Rp12.000,201,liter,Total 201 L pertalite (sisa bersih 196 L).,"Tabulasi tim (tabulasi kebocoran bbm subsidi_v3.xlsx), dari PDF putusan",NA,NA,X019,NA,Tabulasi tim (tabulasi kebocoran bbm subsidi_v3.xlsx),NA,"Harga Jual /L: 12000 (Harga Beli /L tidak tercantum) | Lokasi / Tgl Kejadian: 'SPBU Toboh Gadang, Padang Pariaman; 8 Nov 2024' | Dasar Angka Volume: 'Total 201 L pertalite (sisa bersih 196 L)' | Vonis: 'Penjara 3 bulan + denda Rp5 jt (subsider 5 hari penjara)'","Klasifikasi kebocoran: Diversion (utama), tanpa sekunder. Modus: pertalite dibeli 50 L berulang memakai QR Code MyPertamina beberapa kendaraan, dipindah ke jerigen, dijual di bengkel pinggir jalan. Provinsi Sumatera Barat; 1 terdakwa. Tahun putusan tertulis 2025, menurut tim kemungkinan salah ketik (2026). Nilai uang memakai harga jual (harga beli tidak ada)."
140,288/Pid.Sus-LH/2026/PN Ktp,PN Ketapang,PN,Pertama,16 Juli 2026,2026,2026,Bersalah,"[Bersalah (2 terdakwa)] Terbukti Pasal 55 UU 22/2001 jo. UU 6/2023 jo. Pasal 20 huruf c; Terdakwa I penjara 10 bulan, Terdakwa II 8 bulan; denda masing-masing Rp10.000.000.",Pertalite,Ya,2000000,IDR,"nilai BBM (disebut dalam putusan, via tabulasi tim): pembayaran 1 drum 200 L pertalite Rp2.000.000 (= Rp10.000/L)",200,liter,1 drum plastik 200 L pertalite (pembayaran Rp2.000.000).,"Tabulasi tim (tabulasi kebocoran bbm subsidi_v3.xlsx), dari PDF putusan",NA,NA,X020,NA,Tabulasi tim (tabulasi kebocoran bbm subsidi_v3.xlsx),NA,"Lokasi / Tgl Kejadian: 'SPBUN 68.794.003 Jl. TPI Sukadana, Kayong Utara; 25 Feb 2026' | Dasar Angka Volume: '1 drum 200 L (pembayaran Rp2.000.000)' | Vonis: 'Terdakwa I: 10 bulan; Terdakwa II: 8 bulan; denda Rp10 jt masing-masing'","Klasifikasi kebocoran: Diversion (utama), tanpa sekunder. Modus: pertalite 200 L dibeli ke drum plastik di SPBUN dengan bantuan operator (bayar belakangan); pelaku lain diproses terpisah; operator SPBUN menjadi saksi. Provinsi Kalimantan Barat; 2 terdakwa."
141,373/Pid.Sus-LH/2026/PN Llg,PN Lubuk Linggau,PN,Pertama,26 Agustus 2026,2026,2026,Bersalah,"[Bersalah (9 terdakwa)] Terbukti dakwaan kedua (Pasal 55 UU Migas jo. UU 6/2023); Terdakwa I penjara 1 tahun 4 bulan, Terdakwa II-IX 1 tahun 2 bulan; denda masing-masing Rp30 juta subsider 30 hari.",Pertalite; Minyak olahan ilegal,Ya,136000000,IDR,"nilai BBM = volume × harga beli per liter Rp8.500 (dihitung oleh tim, tabulasi xlsx): 16.000 L × Rp8.500; Rp8.500 = harga minyak olahan yang ditukar (nilai perolehan in natura), bukan harga Pertalite; dengan harga jual Pertalite Rp9.500/L nilainya Rp152.000.000",16000,liter,±16.000 L Pertalite subsidi ditukar (2 transaksi × 8.000 L); BB minyak olahan ±28.000 L (dirampas untuk Pertamina EP) dan Pertalite ±2.000 L tidak dijumlahkan.,"Tabulasi tim (tabulasi kebocoran bbm subsidi_v3.xlsx), dari PDF putusan",NA,NA,X021,NA,Tabulasi tim (tabulasi kebocoran bbm subsidi_v3.xlsx),NA,"Lokasi / Tgl Kejadian: 'Gudang BBM Terawas, Musi Rawas; 21 Apr 2026' | Dasar Angka Volume: '±16.000 L Pertalite subsidi ditukar (2 transaksi x 8.000 L)' | Vonis: 'Terdakwa I: 1 th 4 bln; Terdakwa II-IX: 1 th 2 bln; denda Rp30 jt masing-masing (subsider 30 hari)'","Klasifikasi kebocoran: Adulteration (utama), Supply-chain leakage (sekunder). Modus: sopir tangki menukar/mencampur muatan Pertalite subsidi (8.000 L/transaksi) dengan minyak olahan ilegal di gudang sebelum sampai SPBU; sopir diupah Rp700/L; Pertalite dijual ke masyarakat. Provinsi Sumatera Selatan; 9 terdakwa; pelaku lain berkas terpisah."
142,383/Pid.Sus/2026/PN Dps,PN Denpasar,PN,Pertama,19 Mei 2026,2026,2026,Bersalah,[Bersalah (2 terdakwa)] Terbukti Pasal 55 UU 22/2001 jo. Pasal 40 angka 9 UU 6/2023; penjara masing-masing 6 bulan dan denda Rp3.000.000.,Pertalite,Ya,340000,IDR,nilai BBM = volume × harga beli per liter Rp10.000 (dihitung; dari pembelian 20 L = Rp200.000): 34 L × Rp10.000,34,liter,"BB disita: 1 jerigen 35 L berisi ±34 L pertalite. Total pembelian berulang (±20 L per pengisian) tidak tercantum, sehingga volume hanya BB (batas bawah).","Tabulasi tim (tabulasi kebocoran bbm subsidi_v3.xlsx), dari PDF putusan",NA,NA,X022,NA,Tabulasi tim (tabulasi kebocoran bbm subsidi_v3.xlsx),NA,"Lokasi / Tgl Kejadian: '... Jl. Tukad Balian, Renon, Denpasar; 17 Jan 2026' | Dasar Angka Volume: 'Tidak ada total tercantum (±20 L per pengisian; BB jerigen 35 L ±34 L)' | Modus: 'Membeli pertalite 20 L (Rp200.000) berulang di SPBU'; Harga Beli /L: 10000 | Vonis: 'Penjara 6 bulan + denda Rp3 jt masing-masing'","Klasifikasi kebocoran: Diversion (utama), tanpa sekunder. Modus: pertalite dibeli 20 L (Rp200.000) berulang di SPBU dengan motor dan jerigen tanpa rekomendasi, dijual kembali di warung; skala kecil. Provinsi Bali; 2 terdakwa. Tim tidak mencantumkan volume total; volume dan nilai di sini hanya BB disita."
143,402/Pid.Sus/2026/PN Bjm,PN Banjarmasin,PN,Pertama,3 Agustus 2026,2026,2026,Bersalah,"Terbukti Pasal 55 UU 22/2001 jo. Pasal 40 angka 9 UU 6/2023; pidana penjara 9 bulan; 400 L bio solar dirampas, truk dikembalikan.",Solar/Biosolar (subsidi),Ya,2720000,IDR,"nilai BBM = volume × harga beli per liter Rp6.800 (dihitung oleh tim, tabulasi xlsx): 400 L × Rp6.800",400,liter,"BB ±400 L bio solar (20 jerigen × 20 L), setara 5 hari × 80 L; dirampas.","Tabulasi tim (tabulasi kebocoran bbm subsidi_v3.xlsx), dari PDF putusan",NA,NA,X023,NA,Tabulasi tim (tabulasi kebocoran bbm subsidi_v3.xlsx),NA,"Lokasi / Tgl Kejadian: 'Jl. Gubernur Soebardjo, Kelayan Timur, Banjarmasin; 14 Apr 2026' | Dasar Angka Volume: 'BB ±400 L (20 jerigen x 20 L); 5 hari x 80 L' | Vonis: 'Penjara 9 bulan'","Klasifikasi kebocoran: Diversion (utama), tanpa sekunder. Modus: pemilik kios BBM eceran tanpa izin niaga mengisi bio solar ke truk sesuai kuota 80 L/hari berulang, lalu dijual ke pembeli; untung Rp3.200/L (±Rp300.000/hari). Provinsi Kalimantan Selatan; 1 terdakwa."
144,481/Pid.Sus-LH/2026/PN Btm,PN BATAM,PN,Pertama,14 September 2026,2026,2026,Bersalah,"Bersalah, Ps 55 UU 22/2001 (Migas) jo Ps 40 angka 9 UU 6/2023; penjara 1 tahun (tanpa denda menurut tabulasi).",Pertalite,Ya,10560000,IDR,"nilai BBM = volume × harga beli per liter Rp10.000 (dihitung oleh tim, tabulasi xlsx)",1056,liter,33 jerigen x 32 L = 1.056 L pada hari kejadian; akumulasi 36.800 L (dihitung ahli) tidak dimasukkan,"Tabulasi tim (tabulasi kebocoran bbm subsidi_v3.xlsx), dari PDF putusan",NA,NA,X024,NA,Tabulasi tim (tabulasi kebocoran bbm subsidi_v3.xlsx),NA,"Dasar Angka Volume: 33 jerigen x 32 L = 1.056 L pada hari kejadian; akumulasi 36.800 L (dihitung ahli) | Lokasi / Tgl Kejadian: SPBU Tiban, Sekupang, Batam; 12 Apr 2026 | Vonis (ringkas): Penjara 1 tahun | Harga Beli /L: 10000; Estimasi Nilai BBM: 10560000","Klasifikasi: Diversion (utama). Modus: surat rekomendasi/kuota kapal (12.600 L/bulan) dipakai membeli pertalite berjerigen lalu dijual ke kios/warung; keuntungan ±Rp23,7 jt pada akumulasi 36.800 L. Provinsi Kepulauan Riau; 1 terdakwa."
145,501/Pid.Sus/2025/PN Kpn,PN KEPANJEN,PN,Pertama,12 Januari 2026,2026,2025,Bersalah,"[Bersalah (3 terdakwa)] Bersalah, Ps 55 UU 22/2001 (Migas) jo Ps 40 angka 9 UU 6/2023; penjara 6 bulan dan denda Rp2 jt masing-masing, subsider 1 bulan kurungan.",Solar/Biosolar (subsidi),Ya,4000000,IDR,"nilai BBM = volume × harga per liter Rp8.000 (dihitung): 500 liter (kapasitas tandon, angka tim) × Rp8.000 (harga jual pemodal ke sopir truk/petani; harga beli tidak dicatat) = Rp4.000.000",500,liter,Angka tim = kapasitas tandon modifikasi 500 L; tabulasi juga mencatat BB lain ±150 L + 10 jerigen ±25 L (tidak dijumlahkan tim). Isi aktual tandon perlu dicek di PDF,"Tabulasi tim (tabulasi kebocoran bbm subsidi_v3.xlsx), dari PDF putusan",NA,NA,X025,NA,Tabulasi tim (tabulasi kebocoran bbm subsidi_v3.xlsx),NA,"Dasar Angka Volume: Kapasitas tandon modifikasi 500 L (BB lain ±150 L + 10 jerigen ±25 L) | Lokasi / Tgl Kejadian: SPBU 54.651.65 Sengguruh, Kepanjen, Malang; 18 Sep 2025 | Vonis (ringkas): Penjara 6 bulan + denda Rp2 jt masing-masing (subsider 1 bulan kurungan) | Harga Jual /L: 8000 (pemodal menjual ke sopir truk, selep, bajak sawah); keuntungan Rp400/L","Klasifikasi: Diversion (utama). Modus: truk bertandon besi modifikasi membeli bio solar berulang di SPBU, dijual Rp8.000/L ke sopir truk, selep, bajak sawah; keuntungan Rp400/L. Nilai uang memakai harga jual. Provinsi Jawa Timur; 3 terdakwa."
146,523/Pid.Sus/2026/PN Bjm,PN BANJARMASIN,PN,Pertama,15 September 2026,2026,NA,Bersalah,"[Bersalah (5 terdakwa)] Bersalah, Ps 55 UU 22/2001 (Migas) jo Ps 40 angka 9 UU 6/2023 jo Ps 20 huruf c; penjara 6 bulan masing-masing (tanpa denda menurut tabulasi).",Pertalite,Ya,1020000,IDR,nilai BBM = volume × harga per liter Rp12.000 (dihitung): 85 liter × Rp12.000 (harga jual ke pengecer; harga beli tidak dicatat) = Rp1.020.000,85,liter,Tim mencatat 85 L (BB jerigen pertalite 35 L dan 50 L). Kolom dasar tim menulis '2 jerigen ±35 L + 2 jerigen ±50 L' yang bila dibaca harfiah = 170 L; perlu cek PDF,"Tabulasi tim (tabulasi kebocoran bbm subsidi_v3.xlsx), dari PDF putusan",NA,NA,X026,NA,Tabulasi tim (tabulasi kebocoran bbm subsidi_v3.xlsx),NA,Dasar Angka Volume: BB: 2 jerigen ±35 L + 2 jerigen ±50 L; Barang Bukti: jerigen pertalite 35 L & 50 L | Lokasi / Tgl Kejadian: SPBU di Banjarmasin (rinci tidak diekstrak); tgl kejadian tidak terbaca | Vonis (ringkas): Penjara 6 bulan masing-masing | Harga Jual /L: 12000; keuntungan Rp1.500/L,"Klasifikasi: Diversion (utama), Supply-chain leakage (sekunder). Modus: operator SPBU dan kepala shift (orang dalam) menjual pertalite ke pengecer Rp12.000/L tanpa sepengetahuan pimpinan; keuntungan Rp1.500/L. Tanggal kejadian tidak terbaca. Provinsi Kalimantan Selatan; 5 terdakwa."
147,654/Pid.Sus/2026/PN Plg,PN PALEMBANG,PN,Pertama,2 Juli 2026,2026,2026,Bersalah,"[Bersalah (4 terdakwa)] Bersalah, Ps 55 UU 22/2001 (Migas) jo Ps 40 angka 9 UU 6/2023 jo Ps 20 huruf c; penjara 1 tahun 6 bulan masing-masing; denda dalam amar tidak terkonfirmasi.",Solar/Biosolar (subsidi),Ya,NA,NA,NA,3.5,ton,"Dakwaan: ±3,5 ton dititipkan + 3 tedmon + 16 galon (isi tidak dikuantifikasi), jadi 3,5 ton = angka minimal (modus menyebut tampungan hingga ±5 ton); kolom Volume (liter) tim kosong karena tidak dikonversi ke liter","Tabulasi tim (tabulasi kebocoran bbm subsidi_v3.xlsx), dari PDF putusan",NA,NA,X027,NA,Tabulasi tim (tabulasi kebocoran bbm subsidi_v3.xlsx),NA,"Dasar Angka Volume: Dakwaan: ±3,5 ton dititipkan + 3 tedmon + 16 galon; satuan ton, tidak dikonversi ke liter | Lokasi / Tgl Kejadian: Tanjung Raja / Ogan Ilir; Apr 2026 (penangkapan 1 Apr) | Vonis (ringkas): Penjara 1 th 6 bln masing-masing | Catatan: Denda dalam amar tidak terkonfirmasi (tuntutan: 2 th + denda Rp10 jt)","Klasifikasi: Diversion (utama). Modus: truk berpelat ganda mengisi solar subsidi berulang, ditampung di tedmon 1 ton dan galon sampai ±5 ton lalu diambil pembeli. Denda amar belum terkonfirmasi (catatan metode tim). Provinsi Sumatera Selatan; 4 terdakwa."
148,737/Pid.Sus/2025/PN Bpp,PN BALIKPAPAN,PN,Pertama,9 Februari 2026,2026,2025,Bersalah,"Bersalah, Ps 55 UU 22/2001 (Migas) jo Ps 40 angka 9 UU 6/2023; penjara 8 bulan dan denda Rp1 jt subsider 1 bulan kurungan.",Pertalite,Ya,752000,IDR,"nilai BBM = volume × harga beli per liter Rp10.000 (dihitung oleh tim, tabulasi xlsx)",75.2,liter,"Dua pengisian terukur: 35,889 L + 39,3 L = 75,189 L (dibulatkan tim menjadi 75,2 L)","Tabulasi tim (tabulasi kebocoran bbm subsidi_v3.xlsx), dari PDF putusan",NA,NA,X028,NA,Tabulasi tim (tabulasi kebocoran bbm subsidi_v3.xlsx),NA,"Dasar Angka Volume: Dua pengisian terukur: 35,889 L + 39,3 L | Lokasi / Tgl Kejadian: SPBU Km 4,5 Soekarno-Hatta, Balikpapan; 11 Sep 2025 | Vonis (ringkas): Penjara 8 bulan + denda Rp1 jt (subsider 1 bulan kurungan)",Klasifikasi: Diversion (utama). Modus: mobil bertangki modifikasi dengan pompa menyedot pertalite ke wadah saat isi mandiri; kuota harian 40 L/mobil pribadi. Tanggal putusan kurang pasti menurut catatan metode tim. Provinsi Kalimantan Timur; 1 terdakwa.
149,880/Pid.Sus/2026/PN Mdn,PN MEDAN,PN,Pertama,24 Agustus 2026,2026,2026,Bersalah,"[Bersalah (2 terdakwa)] Bersalah, Ps 55 UU 22/2001 (Migas) jo Ps 40 angka 9 UU 6/2023 jo Ps 20 huruf c; penjara 1 tahun 6 bulan dan denda Rp50 jt masing-masing.",Solar/Biosolar (subsidi); Pertalite,Ya,NA,NA,NA,16000,liter,"Muatan DO mobil tangki: 8.000 L Bio Solar B40 + 8.000 L Pertalite (tangki 16.000 L dikembalikan ke Elnusa); volume muatan berisiko, bukan jumlah yang terjual","Tabulasi tim (tabulasi kebocoran bbm subsidi_v3.xlsx), dari PDF putusan",NA,NA,X029,NA,Tabulasi tim (tabulasi kebocoran bbm subsidi_v3.xlsx),NA,"Dasar Angka Volume: Muatan DO: 8.000 L Bio Solar B40 + 8.000 L Pertalite (tangki 16.000 L, kembali ke Elnusa) | Lokasi / Tgl Kejadian: SPBU 14.201.192 Jl. Gajah Mada, Medan; 12 Mar 2026 | Vonis (ringkas): Penjara 1 th 6 bln + denda Rp50 jt masing-masing","Klasifikasi: Supply-chain leakage (utama), Diversion (sekunder). Modus: sopir mobil tangki (berkas terpisah) membongkar sebagian muatan di SPBU yang bukan tujuan DO; para terdakwa menampung ke ember/jerigen. Provinsi Sumatera Utara; 2 terdakwa."
150,1002/Pid.Sus-LH/2026/PN Sby,PN SURABAYA,PN,Pertama,3 September 2026,2026,2026,Bersalah,"Bersalah, Ps 55 UU 22/2001 (Migas) jo Ps 40 angka 9 UU 6/2023; penjara 1 tahun 2 bulan dan denda Rp15 jt subsider 1 bulan penjara.",Solar/Biosolar (subsidi),Ya,6300000,IDR,nilai BBM = volume × harga per liter Rp9.000 (dihitung): 700 liter × Rp9.000 (harga jual terdakwa; harga beli tidak eksplisit) = Rp6.300.000,700,liter,Total ±700 L bio solar (pengisian berulang 14-17 Apr 2026),"Tabulasi tim (tabulasi kebocoran bbm subsidi_v3.xlsx), dari PDF putusan",NA,NA,X030,NA,Tabulasi tim (tabulasi kebocoran bbm subsidi_v3.xlsx),NA,Dasar Angka Volume: Total ±700 L bio solar | Lokasi / Tgl Kejadian: SPBU di Surabaya; 14-17 Apr 2026 | Vonis (ringkas): Penjara 1 th 2 bln + denda Rp15 jt (subsider 1 bulan penjara) | Catatan: Dijual Rp9.000/L; harga beli tidak eksplisit.,Klasifikasi: Diversion (utama). Modus: truk bertangki modifikasi (100 L utama + 100 L tambahan) mengisi solar subsidi berulang lalu dijual Rp9.000/L; keuntungan Rp2.500/L. Nilai uang memakai harga jual. Provinsi Jawa Timur; 1 terdakwa.
151,1074/Pid.Sus-LH/2026/PN Sby,PN SURABAYA,PN,Pertama,17 September 2026,2026,2026,Bersalah,"[Bersalah (2 terdakwa)] Bersalah, Ps 55 UU 22/2001 (Migas) jo Ps 40 angka 9 UU 6/2023 (turut serta); hanya denda Rp15 jt subsider 15 hari penjara (masing-masing atau gabungan tidak jelas).",Solar/Biosolar (subsidi),Ya,4800000,IDR,"nilai BBM = volume × harga per liter Rp10.000 (dihitung): 480 liter × Rp10.000 (harga jual, batas bawah kisaran Rp10.000-12.000; harga beli tidak dicatat) = Rp4.800.000",480,liter,"16 jerigen x 30 L = 480 L ditemukan; pengisian lain 1.400 L dan 198,52 L tidak dijumlahkan","Tabulasi tim (tabulasi kebocoran bbm subsidi_v3.xlsx), dari PDF putusan",NA,NA,X031,NA,Tabulasi tim (tabulasi kebocoran bbm subsidi_v3.xlsx),NA,"Dasar Angka Volume: 16 jerigen x 30 L = 480 L ditemukan; pengisian lain 1.400 L dan 198,52 L | Lokasi / Tgl Kejadian: Pelabuhan Kalimas, Tanjung Perak, Surabaya; 15 Apr 2026 | Vonis (ringkas): Hanya denda Rp15 jt (subsider 15 hari penjara) | Catatan: Amar hanya denda, tidak jelas masing-masing/gabungan. Keuntungan Rp3.200-5.200/L (jual Rp10.000-12.000)","Klasifikasi: Diversion (utama), Supply-chain leakage (sekunder). Modus: sopir truk mengisi solar subsidi memakai barcode petugas SPBU (diberi Rp50.000-350.000), jerigen dibawa ke Kalimantan; jual Rp10.000-12.000/L. Sifat denda belum terkonfirmasi. Provinsi Jawa Timur; 2 terdakwa."
152,114/Pid.Sus/2026/PN Bgl,PN BENGKULU,PN,Pertama,9 Juni 2026,2026,2025-2026,Bersalah,"Bersalah, Ps 55 UU 22/2001 (Migas) jo Ps 40 angka 9 UU 6/2023; penjara 6 bulan (tanpa denda menurut tabulasi).",Solar/Biosolar (subsidi),Ya,13800000,IDR,"nilai BBM = volume × harga beli per liter Rp6.900 (dihitung oleh tim, tabulasi xlsx)",2000,liter,Dakwaan: 2.000 L dijual/dipakai; BB 13 jerigen x 35 L,"Tabulasi tim (tabulasi kebocoran bbm subsidi_v3.xlsx), dari PDF putusan",NA,NA,X032,NA,Tabulasi tim (tabulasi kebocoran bbm subsidi_v3.xlsx),NA,"Dasar Angka Volume: Dakwaan: 2.000 L dijual/dipakai; BB 13 jerigen x 35 L | Lokasi / Tgl Kejadian: Kampung Bahari, Kampung Melayu, Bengkulu; 11 Feb 2026 (praktik Jan 2025-Feb 2026) | Vonis (ringkas): Penjara 6 bulan | Harga Beli /L: 6900; Estimasi Nilai BBM: 13800000","Klasifikasi: Diversion (utama). Modus: membeli bio solar di SPBUN TPI memakai 3 surat rekomendasi nelayan, disimpan di jerigen, dijual ke pihak lain dan sebagian dipakai kapal sendiri. Putusan 9 Jun 2026 (musyawarah 8 Jun). Provinsi Bengkulu; 1 terdakwa."
153,114/Pid.Sus-LH/2026/PN Amb,PN AMBON,PN,Pertama,10 September 2026,2026,2026,Bersalah,"Bersalah (turut serta), Ps 55 UU 22/2001 jo Ps 40 angka 9 UU 6/2023 jo Ps 20c KUHP; penjara 2 th 10 bln, denda Rp25 jt subsider 25 hari kurungan.",Minyak tanah (subsidi); Solar oplosan (campuran minyak tanah); Pertalite,Ya,NA,NA,NA,NA,NA,Tidak dihitung: volume kelompok Ambon (±2.240 L; perkara 113/114/115) dicatat pada 115/Pid.Sus-LH/2026/PN Amb agar tidak dobel,"Tabulasi tim (tabulasi kebocoran bbm subsidi_v3.xlsx), dari PDF putusan",NA,NA,X033,NA,Tabulasi tim (tabulasi kebocoran bbm subsidi_v3.xlsx),NA,Dasar Angka Volume: Tidak dihitung: volume kelompok Ambon dicatat di 115/Pid.Sus-LH/2026/PN Amb | Lokasi / Tgl Kejadian: Kios di Ambon; Apr 2026 | Vonis (ringkas): Penjara 2 th 10 bln + denda Rp25 jt (subsider 25 hari kurungan),"Klasifikasi: Adulteration (utama), Diversion (sekunder). Modus: membantu pelaku utama mengangkut solar pesanan dari kios dan memindahkan ke jerigen untuk dioplos dengan minyak tanah subsidi; upah Rp50.000 per antar. Satu operasi dengan 113 dan 115. Provinsi Maluku; 1 terdakwa."
154,115/Pid.Sus-LH/2025/PN Wno,PN WONOSARI,PN,Pertama,20 Januari 2026,2026,2025,Bersalah,"Bersalah, Ps 55 UU 22/2001 (Migas) jo Ps 40 angka 9 UU 6/2023 (memberi kesempatan, turut serta); penjara 2 bulan (permohonan pidana percobaan ditolak).",Pertalite,Ya,1500000,IDR,"nilai BBM = volume × harga beli per liter Rp10.000 (dihitung oleh tim, tabulasi xlsx)",150,liter,Pelangsir mengangkut ±150 L per kali pembelian,"Tabulasi tim (tabulasi kebocoran bbm subsidi_v3.xlsx), dari PDF putusan",NA,NA,X034,NA,Tabulasi tim (tabulasi kebocoran bbm subsidi_v3.xlsx),NA,"Dasar Angka Volume: Pelangsir mengangkut ±150 L per kali pembelian | Lokasi / Tgl Kejadian: SPBU 4455814 Jatisari, Playen, Gunungkidul; 7 Apr 2025 | Vonis (ringkas): Penjara 2 bulan (terdakwa minta pidana percobaan) | Harga Beli /L: 10000; Estimasi Nilai BBM: 1500000","Klasifikasi: Diversion (utama), Supply-chain leakage (sekunder). Modus: pihak SPBU memberi kesempatan pelangsir (berkas terpisah) mengisi pertalite berulang dengan satu barcode melewati batas 30 L/hari; operator menerima tambahan Rp5.000. Provinsi DI Yogyakarta; 1 terdakwa."
155,115/Pid.Sus-LH/2026/PN Amb,PN AMBON,PN,Pertama,10 September 2026,2026,2026,Bersalah,"Bersalah (dakwaan alternatif kedua), Ps 55 UU 22/2001 jo Ps 40 angka 9 UU 6/2023 jo Ps 20c; penjara 3 th 6 bln, denda Rp50 jt subsider 50 hari kurungan.",Minyak tanah (subsidi); Solar oplosan (campuran minyak tanah); Solar (status subsidi tidak disebut); Pertalite,Ya,9900000,IDR,"nilai BBM = volume × harga per liter Rp11.000 (dihitung): ±900 liter solar oplosan × Rp11.000 (harga jual terdakwa) = Rp9.900.000; minyak tanah ±1.200 L, solar ±70 L dan pertalite ±70 L tidak dihitung karena harganya tidak disebut",2240,liter,BB kelompok Ambon (113/114/115): minyak tanah ±1.200 L + solar oplosan ±900 L + solar ±70 L + pertalite ±70 L; volume kelompok hanya dicatat di perkara ini,"Tabulasi tim (tabulasi kebocoran bbm subsidi_v3.xlsx), dari PDF putusan",NA,NA,X035,NA,Tabulasi tim (tabulasi kebocoran bbm subsidi_v3.xlsx),NA,Dasar Angka Volume: BB kelompok Ambon: minyak tanah ±1.200 L + solar oplosan ±900 L + solar ±70 L + pertalite ±70 L | Lokasi / Tgl Kejadian: Kios di Ambon (Galala/Hatukau/Losari); Apr 2026 (praktik ±2 tahun) | Vonis (ringkas): Penjara 3 th 6 bln + denda Rp50 jt (subsider 50 hari kurungan) | Harga Jual /L: 11000 (solar oplosan); keuntungan ±Rp100 juta selama ±2 tahun,"Klasifikasi: Adulteration (utama), Diversion (sekunder). Modus: pelaku utama menimbun minyak tanah subsidi, mengoplos solar dengan minyak tanah, menyedot pertalite dari tangki mobil, dijual ke kapal dan eceran; keuntungan ±Rp100 jt selama ±2 tahun. Provinsi Maluku; 1 terdakwa."
156,117/Pid.Sus/2026/PN Bgl,PN BENGKULU,PN,Pertama,9 Juli 2026,2026,2026,Bersalah,"Bersalah, Ps 55 UU 22/2001 (Migas) jo Ps 40 angka 9 UU 6/2023; penjara 1 tahun 2 bulan dan denda Rp5 jt.",Pertalite,Ya,500000,IDR,"nilai BBM = volume × harga beli per liter Rp10.000 (dihitung oleh tim, tabulasi xlsx)",50,liter,2 pengisian x 25 L,"Tabulasi tim (tabulasi kebocoran bbm subsidi_v3.xlsx), dari PDF putusan",NA,NA,X036,NA,Tabulasi tim (tabulasi kebocoran bbm subsidi_v3.xlsx),NA,"Dasar Angka Volume: 2 pengisian x 25 L | Lokasi / Tgl Kejadian: SPBU 2438205 Kebun Tebeng, Bengkulu; 19 Feb 2026 | Vonis (ringkas): Penjara 1 th 2 bln + denda Rp5 jt | Harga Beli /L: 10000; Estimasi Nilai BBM: 500000","Klasifikasi: Diversion (utama). Modus: pemilik Pertamini membeli barcode kendaraan roda 4 secara online (Facebook), mengisi 2 x 25 L di SPBU, menyedot dari tangki mobil ke jerigen untuk dijual. Provinsi Bengkulu; 1 terdakwa."
157,156/Pid.Sus/2025/PN Plp,PN PALOPO,PN,Pertama,13 Januari 2026,2026,2025,Bersalah,"Bersalah, Ps 55 UU 22/2001 (Migas) jo Ps 40 angka 9 UU 6/2023; penjara 10 bulan (tanpa denda menurut tabulasi).",Solar/Biosolar (subsidi),Ya,NA,NA,NA,3000,liter,3 tandon = 3.000 L (3 ton),"Tabulasi tim (tabulasi kebocoran bbm subsidi_v3.xlsx), dari PDF putusan",NA,NA,X037,NA,Tabulasi tim (tabulasi kebocoran bbm subsidi_v3.xlsx),NA,"Dasar Angka Volume: 3 tandon = 3.000 L (3 ton) | Lokasi / Tgl Kejadian: Jl. Pongtiku, Salobulo, Palopo; 24 Sep 2025 | Vonis (ringkas): Penjara 10 bulan","Klasifikasi: Diversion (utama). Modus: mengangkut 3.000 L solar subsidi dalam 3 tandon di dump truck tertutup terpal dari Toraja Utara ke Walenrang, Luwu untuk dijual; terjaring patroli. Harga tidak dicatat. Provinsi Sulawesi Selatan; 1 terdakwa."
158,156/Pid.Sus/2026/PN Tlg,PN TULUNGAGUNG,PN,Pertama,21 September 2026,2026,2026,Bersalah,"Bersalah, Ps 55 UU 22/2001 (Migas) jo Ps 40 angka 9 UU 6/2023; penjara 5 bulan dan denda Rp1 miliar subsider 1 bulan penjara (denda outlier, perlu verifikasi).",Pertalite,Ya,400000,IDR,"nilai BBM = volume × harga beli per liter Rp10.000 (dihitung oleh tim, tabulasi xlsx)",40,liter,"Pembelian hari kejadian 40 L (sudah menjual ±70 L sebelumnya, tidak dijumlahkan)","Tabulasi tim (tabulasi kebocoran bbm subsidi_v3.xlsx), dari PDF putusan",NA,NA,X038,NA,Tabulasi tim (tabulasi kebocoran bbm subsidi_v3.xlsx),NA,"Dasar Angka Volume: Pembelian hari kejadian 40 L (sudah menjual ±70 L sebelumnya) | Lokasi / Tgl Kejadian: Rumah di Banaran, Kauman, Tulungagung; 19 Apr 2026 | Vonis (ringkas): Penjara 5 bulan + denda Rp1 miliar (subsider 1 bulan penjara) | Harga Beli /L: 10000; Estimasi Nilai BBM: 400000","Klasifikasi: Diversion (utama). Modus: mengisi pertalite 40 L memakai barcode orang lain dan sendiri, disedot ke galon, dijual ke Pertamini/masyarakat; praktik 6 bulan; untung Rp1.500/L. Denda Rp1 miliar ditandai outlier oleh tim. Provinsi Jawa Timur; 1 terdakwa."
159,157/Pid.Sus/2026/PN Byw,PN BANYUWANGI,PN,Pertama,9 Juni 2026,2026,2026,Bersalah,"Bersalah, Ps 55 UU 22/2001 (Migas) jo Ps 40 angka 9 UU 6/2023; penjara 7 bulan (tanpa denda menurut tabulasi).",Pertalite,Ya,NA,NA,NA,160,liter,4 pengisian x 40 L,"Tabulasi tim (tabulasi kebocoran bbm subsidi_v3.xlsx), dari PDF putusan",NA,NA,X039,NA,Tabulasi tim (tabulasi kebocoran bbm subsidi_v3.xlsx),NA,"Dasar Angka Volume: 4 pengisian x 40 L | Lokasi / Tgl Kejadian: SPBU 54.684.14 Yosomulyo, Gambiran, Banyuwangi; 14 Jan 2026 | Vonis (ringkas): Penjara 7 bulan","Klasifikasi: Diversion (utama). Modus: mengisi pertalite 4 kali x 40 L di pompa yang sama dalam satu hari memakai mobil, dilayani operator; terungkap karena anggota Polresta mengisi di pompa sebelah. Harga tidak dicatat. Provinsi Jawa Timur; 1 terdakwa."
160,172/Pid.Sus/2026/PN Sag,PN SANGGAU,PN,Pertama,8 September 2026,2026,2026,Bersalah,"Bersalah, Ps 55 UU 22/2001 (Migas) jo Ps 40 angka 9 UU 6/2023; penjara 5 bulan (tanpa denda menurut tabulasi).",Solar/Biosolar (subsidi),Ya,8107500,IDR,"nilai BBM = volume × harga per liter Rp11.500 (dihitung): 705 liter × Rp11.500 (harga beli dari pengantri SPBU, batas bawah kisaran Rp11.500-14.000) = Rp8.107.500",705,liter,300 L + 230 L + 175 L dibeli dari 2-3 penjual,"Tabulasi tim (tabulasi kebocoran bbm subsidi_v3.xlsx), dari PDF putusan",NA,NA,X040,NA,Tabulasi tim (tabulasi kebocoran bbm subsidi_v3.xlsx),NA,"Dasar Angka Volume: 300 L + 230 L + 175 L dibeli dari 2-3 penjual | Lokasi / Tgl Kejadian: Jl. Merdeka Barat, Sungai Ringin, Sekadau Hilir; 7 Mei 2026 | Vonis (ringkas): Penjara 5 bulan | Modus: membeli solar dari pengantri SPBU Rp11.500-14.000/L; rencana dijual Rp15.000/L ke Nanga Mahap","Klasifikasi: Diversion (utama). Modus: membeli solar dari pengantri SPBU (DPO) Rp11.500-14.000/L, disalin ke 11 jerigen 65 L, rencana dijual Rp15.000/L ke Nanga Mahap. Nilai uang memakai batas bawah harga beli. Provinsi Kalimantan Barat; 1 terdakwa."
161,177/Pid.Sus-LH/2026/PN Pkb,PN PANGKALAN BALAI,PN,Pertama,1 September 2026,2026,2026,Bersalah,"Bersalah, Ps 55 UU 22/2001 (Migas) jo Ps 40 angka 9 UU 6/2023; penjara 6 bulan dan denda Rp5 jt.",Solar/Biosolar (subsidi),Ya,400000,IDR,"nilai BBM (disebut dalam putusan): pengisian 58,8 liter solar senilai Rp400.000 (tabulasi xlsx; estimasi tim 58,8 × Rp6.800 = Rp399.840)",58.8,liter,"Pengisian 58,8 L senilai Rp400.000","Tabulasi tim (tabulasi kebocoran bbm subsidi_v3.xlsx), dari PDF putusan",NA,NA,X041,NA,Tabulasi tim (tabulasi kebocoran bbm subsidi_v3.xlsx),NA,"Dasar Angka Volume: Pengisian 58,8 L senilai Rp400.000 | Lokasi / Tgl Kejadian: SPBU 24.307.132 Rejodadi, Sembawa, Banyuasin; 18-19 Apr 2026 | Vonis (ringkas): Penjara 6 bulan + denda Rp5 jt | Harga Beli /L: 6800; Estimasi Nilai BBM: 399840","Klasifikasi: Diversion (utama). Modus: mengganti pelat mobil dengan pelat pick-up lain dan memakai barcode MyPertamina kendaraan lain untuk mengisi solar, lalu dijual; untung ±Rp60.000 per jerigen 35 L. Provinsi Sumatera Selatan; 1 terdakwa."
162,179/Pid.Sus/2026/PN Sgt,PN SANGATTA,PN,Pertama,5 Agustus 2026,2026,2026,Bersalah,"Bersalah, Ps 55 UU 22/2001 (Migas) jo Ps 40 angka 9 UU 6/2023 jo UU 1/2026 (Penyesuaian Pidana); penjara 4 bulan dan denda Rp30 jt.",Solar/Biosolar (subsidi),Ya,7344000,IDR,"nilai BBM = volume × harga beli per liter Rp6.800 (dihitung oleh tim, tabulasi xlsx)",1080,liter,Total solar 1.080 L (BB: 10 jerigen 20 L + 4 drum 200 L + lainnya),"Tabulasi tim (tabulasi kebocoran bbm subsidi_v3.xlsx), dari PDF putusan",NA,NA,X042,NA,Tabulasi tim (tabulasi kebocoran bbm subsidi_v3.xlsx),NA,"Dasar Angka Volume: Total solar 1.080 L (BB: 10 jerigen 20 L + 4 drum 200 L + lainnya) | Lokasi / Tgl Kejadian: Jl. poros Sangatta-Bontang Km 6, Kutai Timur; 2 Apr 2026 | Vonis (ringkas): Penjara 4 bulan + denda Rp30 jt | Harga Beli /L: 6800; Estimasi Nilai BBM: 7344000","Klasifikasi: Diversion (utama). Modus: membeli bio solar berulang di dua SPBU Sangatta dengan mobil (jok tengah dibongkar, 14 jerigen 20 L), dijual eceran Rp9.000/L. Provinsi Kalimantan Timur; 1 terdakwa."
163,183/Pid.Sus/2026/PN Pbu,PN PANGKALAN BUN,PN,Pertama,22 September 2026,2026,2026,Bersalah,"Bersalah, Ps 55 UU 22/2001 (Migas) jo Ps 40 angka 9 UU 6/2023 (turut serta, perbuatan berlanjut); penjara 1 tahun (tanpa denda menurut tabulasi).",Pertalite,Ya,1200000,IDR,"nilai BBM = volume × harga beli per liter Rp10.000 (dihitung oleh tim, tabulasi xlsx)",120,liter,"2 pengisian x 40 L (pengisi utama, berkas terpisah) + 40 L (pembeli pada perkara 186/Pid.Sus/2026/PN Pbu); volume kelompok Pangkalan Bun dibagi ke 183 dan 184 tanpa dobel","Tabulasi tim (tabulasi kebocoran bbm subsidi_v3.xlsx), dari PDF putusan",NA,NA,X043,NA,Tabulasi tim (tabulasi kebocoran bbm subsidi_v3.xlsx),NA,"Dasar Angka Volume: 2 pengisian x 40 L (pengisi utama) + 40 L (pembeli lain) | Lokasi / Tgl Kejadian: SPBU 64.741.03 Jl. Pakunegara, Arut Selatan, Kotawaringin Barat; 30 Apr 2026 | Vonis (ringkas): Penjara 1 tahun | Harga Beli /L: 10000; Estimasi Nilai BBM: 1200000","Klasifikasi: Diversion (utama), Supply-chain leakage (sekunder). Modus: operator SPBU melayani pengisian berulang dengan barcode tidak sesuai kendaraan (tangki modifikasi), menerima tip Rp10.000 per pengisian; perbuatan berlanjut. Satu operasi dengan 184 dan 186. Provinsi Kalimantan Tengah; 1 terdakwa."
164,184/Pid.Sus/2026/PN Pbu,PN PANGKALAN BUN,PN,Pertama,22 September 2026,2026,2026,Bersalah,"Bersalah, Ps 55 UU 22/2001 (Migas) jo Ps 40 angka 9 UU 6/2023 (turut serta, perbuatan berlanjut); penjara 1 tahun (tanpa denda menurut tabulasi).",Pertalite,Ya,800000,IDR,"nilai BBM = volume × harga beli per liter Rp10.000 (dihitung oleh tim, tabulasi xlsx)",80,liter,2 pengisian x 40 L (2 dari 4 pengisian pengisi utama; 2 lainnya tercatat di 183/Pid.Sus/2026/PN Pbu),"Tabulasi tim (tabulasi kebocoran bbm subsidi_v3.xlsx), dari PDF putusan",NA,NA,X044,NA,Tabulasi tim (tabulasi kebocoran bbm subsidi_v3.xlsx),NA,"Dasar Angka Volume: 2 pengisian x 40 L | Lokasi / Tgl Kejadian: SPBU 64.741.03 Jl. Pakunegara, Arut Selatan; 30 Apr 2026 | Vonis (ringkas): Penjara 1 tahun | Harga Beli /L: 10000; Estimasi Nilai BBM: 800000","Klasifikasi: Diversion (utama), Supply-chain leakage (sekunder). Modus: operator SPBU melayani 2 dari 4 pengisian berulang dengan barcode tidak sesuai ke tangki modifikasi; menerima tip Rp10.000 per pengisian. Satu operasi dengan 183 dan 186. Provinsi Kalimantan Tengah; 1 terdakwa."
165,186/Pid.Sus/2026/PN Pbu,PN PANGKALAN BUN,PN,Pertama,22 September 2026,2026,2026,Bersalah,"Bersalah, Ps 55 UU 22/2001 (Migas) jo Ps 40 angka 9 UU 6/2023 (turut serta); penjara 8 bulan (tanpa denda menurut tabulasi).",Pertalite,Ya,NA,NA,NA,NA,NA,Tidak dihitung: 40 L pertalite perkara ini sudah masuk volume 183/Pid.Sus/2026/PN Pbu (kelompok Pangkalan Bun 183/184/186) agar tidak dobel,"Tabulasi tim (tabulasi kebocoran bbm subsidi_v3.xlsx), dari PDF putusan",NA,NA,X045,NA,Tabulasi tim (tabulasi kebocoran bbm subsidi_v3.xlsx),NA,"Dasar Angka Volume: 40 L, sudah dihitung di perkara 183 | Lokasi / Tgl Kejadian: SPBU 64.741.03 Jl. Pakunegara, Arut Selatan; 30 Apr 2026 | Vonis (ringkas): Penjara 8 bulan","Klasifikasi: Diversion (utama). Modus: pembeli membawa HP berisi 20 barcode 'Subsidi Tepat' yang tidak sesuai kendaraan, diisi operator SPBU, lalu memindahkan pertalite ke jerigen 20 L di rumah pihak lain (DPO). Satu operasi dengan 183 dan 184. Provinsi Kalimantan Tengah; 1 terdakwa."
166,203/Pid.Sus/2026/PN Gpr,PN KABUPATEN KEDIRI,PN,Pertama,24 Agustus 2026,2026,2026,Bersalah,"Bersalah, Ps 55 UU 22/2001 (Migas) jo Ps 40 angka 9 UU 6/2023; penjara 5 bulan dan denda Rp10 jt subsider 1 bulan kurungan.",Pertalite,Ya,900000,IDR,"nilai BBM = volume × harga beli per liter Rp10.000 (dihitung oleh tim, tabulasi xlsx)",90,liter,6 galon x 15 L,"Tabulasi tim (tabulasi kebocoran bbm subsidi_v3.xlsx), dari PDF putusan",NA,NA,X046,NA,Tabulasi tim (tabulasi kebocoran bbm subsidi_v3.xlsx),NA,"Dasar Angka Volume: 6 galon x 15 L | Lokasi / Tgl Kejadian: SPBU 54.641.52 Ploso Lor, Plosoklaten, Kediri; 12-13 Apr 2026 | Vonis (ringkas): Penjara 5 bulan + denda Rp10 jt (subsider 1 bulan kurungan) | Harga Beli /L: 10000; Estimasi Nilai BBM: 900000","Klasifikasi: Diversion (utama). Modus: membeli pertalite 10 L enam kali sehari memakai motor, disedot ke galon 15 L, dijual ke 6 toko/pom mini Rp163.000 per galon (≈Rp10.867/L). Provinsi Jawa Timur; 1 terdakwa."
